id,first_name,last_name,email,gender,ip_address
1,Lee,Joppich,ljoppich0@instagram.com,Genderqueer,254.6.173.249
2,Coretta,Pulley,cpulley1@vistaprint.com,Non-binary,142.95.61.83
3,Roanne,Sans,rsans2@discuz.net,Female,247.122.171.155
4,Clair,Dennett,cdennett3@uol.com.br,Female,44.35.74.121
5,Kettie,Ivakhno,kivakhno4@bbc.co.uk,Bigender,134.240.151.243
6,Malina,Goldspink,mgoldspink5@hibu.com,Bigender,7.30.54.153
7,Kim,Klainer,kklainer6@qq.com,Female,43.174.85.41
8,Justus,Erridge,jerridge7@infoseek.co.jp,Genderqueer,239.206.160.46
9,Allyn,Rastrick,arastrick8@state.gov,Female,173.169.61.179
10,Stewart,Americi,samerici9@umn.edu,Polygender,156.78.32.5
11,Allie,Hast,ahasta@biglobe.ne.jp,Male,161.137.13.223
12,Talya,Luchetti,tluchettib@newyorker.com,Bigender,206.188.75.234
13,Decca,Fermor,dfermorc@twitpic.com,Bigender,117.124.89.246
14,Abelard,Lintill,alintilld@arizona.edu,Female,81.99.118.20
15,Miran,Bennedick,mbennedicke@shinystat.com,Polygender,87.234.34.29
16,Diena,Jonathon,djonathonf@yale.edu,Non-binary,32.102.24.24
17,Forrester,Rzehorz,frzehorzg@delicious.com,Bigender,217.205.108.39
18,Darla,Gulliman,dgullimanh@imageshack.us,Agender,135.140.125.127
19,Raffarty,Plaice,rplaicei@seesaa.net,Agender,115.76.161.22
20,Stirling,Grayshan,sgrayshanj@house.gov,Bigender,73.217.249.16
21,Rolf,Poundsford,,Male,176.211.104.7
22,Devin,Lemmertz,dlemmertzl@addtoany.com,Bigender,73.255.227.150
23,Carey,Kench,ckenchm@1und1.de,Bigender,204.69.16.27
24,Carlye,Duff,cduffn@github.io,Male,92.251.186.121
25,Cora,Feldmesser,cfeldmessero@mac.com,Genderfluid,175.158.136.187
26,Phillis,Heaford,pheafordp@ca.gov,Genderqueer,80.0.202.98
27,Trudi,Dollin,tdollinq@de.vu,Bigender,26.47.26.187
28,Jaimie,Eyree,jeyreer@unblog.fr,Bigender,154.37.33.75
29,Lolly,Brownlie,lbrownlies@pagesperso-orange.fr,Female,58.170.110.5
30,Vanessa,Skynner,,Genderfluid,54.42.55.80
31,Gardner,Huskisson,ghuskissonu@cmu.edu,Polygender,
32,Cherice,Enrique,cenriquev@de.vu,Genderqueer,129.181.55.244
33,Starlin,Conant,sconantw@jugem.jp,Female,77.139.81.195
34,Roanna,Gregine,rgreginex@csmonitor.com,Genderfluid,208.5.91.148
35,Berkly,Ferencz,bferenczy@behance.net,Male,235.133.116.53
36,Vin,Ram,vramz@sfgate.com,Bigender,122.129.243.179
37,Gavan,Sayes,gsayes10@netscape.com,Genderfluid,136.57.121.214
38,Vincenty,Rossander,vrossander11@godaddy.com,Bigender,125.158.254.116
39,Cathyleen,Cella,ccella12@over-blog.com,Male,33.134.120.99
40,Bryn,Hillyatt,bhillyatt13@intel.com,Non-binary,73.78.123.80
41,Margarette,Houseley,mhouseley14@dion.ne.jp,Male,126.164.46.42
42,Hardy,Masding,hmasding15@blogtalkradio.com,Genderfluid,
43,Arch,Offen,aoffen16@linkedin.com,Bigender,163.222.44.87
44,Prentiss,Newitt,pnewitt17@wikipedia.org,Male,
45,Teirtza,Wedgbrow,twedgbrow18@php.net,Non-binary,180.15.95.178
46,Michal,Finn,mfinn19@hexun.com,Non-binary,95.102.212.47
47,Claudianus,Sunley,csunley1a@pinterest.com,Genderqueer,247.171.77.220
48,Brendon,Elcoat,,Genderfluid,136.127.138.105
49,Alvis,Huyge,ahuyge1c@instagram.com,Male,
50,Abbey,Brunesco,abrunesco1d@amazonaws.com,Non-binary,65.118.10.3
51,Elvira,Bodimeade,ebodimeade1e@omniture.com,Non-binary,49.213.118.227
52,Moll,Sawday,msawday1f@example.com,Female,141.157.246.163
53,Koressa,MacAvaddy,kmacavaddy1g@jalbum.net,Agender,
54,Kath,Hylton,khylton1h@last.fm,Female,
55,Boyd,Tate,btate1i@who.int,Non-binary,22.162.0.18
56,Mercy,Rainey,mrainey1j@1688.com,Male,94.255.133.247
57,Gertrude,Arminger,garminger1k@mapquest.com,Female,
58,Minnie,Hakonsson,mhakonsson1l@pagesperso-orange.fr,Genderqueer,145.165.60.53
59,Winonah,Bossom,wbossom1m@apple.com,Female,208.193.117.83
60,Corie,de Amaya,cdeamaya1n@abc.net.au,Genderqueer,210.235.18.129
61,Sheffy,Grimble,sgrimble1o@twitter.com,Genderqueer,190.199.12.236
62,Dorian,Champkin,dchampkin1p@clickbank.net,Male,214.61.41.140
63,Ferd,Willmer,fwillmer1q@patch.com,Male,127.103.104.140
64,Serene,Tinklin,stinklin1r@symantec.com,Male,107.22.224.73
65,Joete,Caskie,jcaskie1s@blogger.com,Non-binary,198.131.37.169
66,Peterus,Burgiss,pburgiss1t@washington.edu,Genderfluid,59.85.187.237
67,Alain,Kisting,akisting1u@xrea.com,Agender,183.164.75.179
68,Charleen,Avrasin,cavrasin1v@newyorker.com,Non-binary,
69,Nike,McArd,nmcard1w@netvibes.com,Female,55.186.76.114
70,Elke,Farncombe,efarncombe1x@oracle.com,Bigender,
71,Rozella,Ferber,rferber1y@facebook.com,Polygender,55.204.178.142
72,Harli,Binny,hbinny1z@exblog.jp,Female,
73,Cora,Giraudeau,cgiraudeau20@adobe.com,Agender,127.120.163.138
74,Marline,Blasli,mblasli21@cpanel.net,Male,90.112.209.203
75,Leland,Wanjek,lwanjek22@mediafire.com,Female,238.61.236.117
76,Alfy,Edgworth,aedgworth23@yahoo.co.jp,Bigender,186.252.97.44
77,Adeline,Sarch,asarch24@altervista.org,Genderqueer,116.103.179.107
78,Phip,Pietersma,ppietersma25@simplemachines.org,Female,44.197.105.171
79,Ruddie,Cough,rcough26@go.com,Female,12.75.115.40
80,Fitzgerald,Boseley,fboseley27@hexun.com,Agender,147.205.161.189
81,Findlay,Bartozzi,fbartozzi28@msu.edu,Agender,74.224.118.71
82,Nannie,Domenge,ndomenge29@jiathis.com,Polygender,179.230.232.180
83,Magda,Avrahamian,mavrahamian2a@imageshack.us,Female,180.170.90.24
84,Hew,McCumskay,hmccumskay2b@smugmug.com,Polygender,67.64.211.187
85,Jeane,Lorimer,jlorimer2c@github.io,Genderqueer,2.77.104.224
86,Gabbie,Phipson,,Genderqueer,29.246.213.136
87,Constantia,Semour,csemour2e@taobao.com,Genderfluid,62.162.224.117
88,Marena,Newcombe,mnewcombe2f@multiply.com,Genderfluid,69.100.101.228
89,Daron,Bestar,dbestar2g@imdb.com,Bigender,
90,Starla,Ruddell,sruddell2h@bizjournals.com,Female,37.207.42.35
91,Fredelia,Jurzyk,fjurzyk2i@mashable.com,Agender,117.88.110.43
92,Blair,Copland,bcopland2j@tuttocitta.it,Non-binary,199.16.2.174
93,Von,Divall,vdivall2k@cam.ac.uk,Agender,
94,Jakie,Bruun,jbruun2l@sohu.com,Bigender,114.178.61.58
95,Valerie,Farlane,vfarlane2m@joomla.org,Genderfluid,6.248.245.170
96,Wes,Duckhouse,wduckhouse2n@networksolutions.com,Non-binary,172.193.205.202
97,Marika,Brade,mbrade2o@dmoz.org,Male,46.182.181.215
98,Spike,Fender,sfender2p@behance.net,Non-binary,36.167.99.195
99,Cory,Washbrook,cwashbrook2q@foxnews.com,Genderfluid,229.194.152.25
100,Corly,Skuse,cskuse2r@vkontakte.ru,Female,136.152.207.244
101,Rolfe,Christensen,rchristensen2s@accuweather.com,Genderfluid,172.132.64.62
102,Astrid,Swalough,aswalough2t@over-blog.com,Male,127.102.180.181
103,Teri,Sieghart,,Bigender,193.108.173.65
104,Coletta,Emby,cemby2v@arstechnica.com,Bigender,168.165.41.164
105,Danna,Barock,dbarock2w@virginia.edu,Agender,225.71.59.255
106,Fredia,Hendron,fhendron2x@noaa.gov,Non-binary,67.17.14.177
107,Donetta,Cornilli,dcornilli2y@ibm.com,Genderfluid,37.34.196.184
108,Tanny,Lope,tlope2z@163.com,Female,68.39.19.195
109,Paige,Twopenny,ptwopenny30@princeton.edu,Female,139.243.101.50
110,Inger,Bour,ibour31@studiopress.com,Male,75.140.243.219
111,Aurore,Coller,acoller32@shutterfly.com,Non-binary,184.188.38.78
112,Lib,Lockyer,llockyer33@cbc.ca,Female,173.231.150.119
113,Hughie,Ciardo,hciardo34@liveinternet.ru,Bigender,225.50.251.198
114,Tammie,Leamy,tleamy35@fda.gov,Genderfluid,220.146.53.201
115,Amii,Long,along36@over-blog.com,Polygender,4.150.140.41
116,Griffin,Adamthwaite,gadamthwaite37@vimeo.com,Polygender,114.113.218.233
117,Cos,Benduhn,cbenduhn38@vkontakte.ru,Genderqueer,31.250.90.195
118,Hayley,Haskayne,hhaskayne39@hubpages.com,Genderfluid,51.79.231.198
119,Tadio,Mugg,tmugg3a@reddit.com,Female,
120,Benedikta,MacLice,bmaclice3b@webmd.com,Male,173.137.204.21
121,Cherice,Tadgell,ctadgell3c@baidu.com,Non-binary,56.177.48.28
122,Ollie,Mochan,omochan3d@cloudflare.com,Genderqueer,144.207.160.12
123,Rancell,Levy,,Non-binary,67.237.5.164
124,Ruthy,Merrifield,rmerrifield3f@prnewswire.com,Agender,158.41.215.222
125,Perceval,Phinn,pphinn3g@stumbleupon.com,Female,37.83.126.82
126,Van,Ormerod,vormerod3h@japanpost.jp,Genderfluid,20.88.216.227
127,Benetta,Stone Fewings,bstonefewings3i@stanford.edu,Genderqueer,37.15.124.27
128,Fabe,Ainsbury,fainsbury3j@scribd.com,Non-binary,111.65.101.71
129,Abbot,Memmory,amemmory3k@hc360.com,Male,6.86.45.38
130,Ely,Melanaphy,emelanaphy3l@xrea.com,Genderfluid,160.90.123.150
131,Bonny,Aldgate,baldgate3m@google.it,Polygender,77.54.158.100
132,Lori,Feavyour,lfeavyour3n@so-net.ne.jp,Genderfluid,106.106.107.60
133,Jacinthe,Keme,jkeme3o@shutterfly.com,Non-binary,215.172.249.215
134,Robinetta,Wymer,rwymer3p@sciencedirect.com,Agender,210.79.157.165
135,Winfred,Pock,wpock3q@mayoclinic.com,Female,236.111.58.22
136,Jan,Still,jstill3r@surveymonkey.com,Non-binary,87.152.1.26
137,Ilene,Addis,iaddis3s@wikia.com,Polygender,204.3.171.10
138,Truman,Russam,trussam3t@tiny.cc,Non-binary,235.133.50.119
139,Ann-marie,Kleisle,akleisle3u@clickbank.net,Genderfluid,62.175.172.242
140,Dickie,Moakler,,Male,101.50.23.6
141,Gloriana,Dmitrovic,gdmitrovic3w@prlog.org,Bigender,170.172.170.8
142,Ibby,Gerrens,igerrens3x@fc2.com,Non-binary,21.229.22.181
143,Forrest,Tampen,ftampen3y@infoseek.co.jp,Non-binary,66.228.253.36
144,Adelina,Pillans,apillans3z@nationalgeographic.com,Genderqueer,163.207.170.162
145,Phip,Westcott,pwestcott40@hexun.com,Male,28.173.213.117
146,Carmencita,Lusgdin,clusgdin41@oracle.com,Male,218.134.84.24
147,West,Boath,wboath42@1und1.de,Agender,6.171.247.118
148,Hakeem,Abrahami,habrahami43@irs.gov,Polygender,172.226.81.240
149,Rosy,Dadson,rdadson44@cargocollective.com,Polygender,69.35.246.125
150,Benedetto,Chiommienti,bchiommienti45@mapquest.com,Female,76.1.141.235
151,Felipa,Rubinovitsch,,Genderqueer,233.59.64.185
152,Auroora,Sweett,asweett47@exblog.jp,Agender,234.57.145.190
153,Odele,Messent,omessent48@toplist.cz,Genderfluid,1.39.4.166
154,Celie,Sodory,csodory49@marriott.com,Agender,206.114.249.24
155,Zedekiah,Boltwood,zboltwood4a@arizona.edu,Genderfluid,141.112.222.121
156,Dimitry,Jolland,djolland4b@bbb.org,Genderqueer,224.185.55.219
157,Malvina,Saintsbury,msaintsbury4c@un.org,Male,158.107.123.50
158,Yorke,Wykes,ywykes4d@ifeng.com,Male,185.173.63.94
159,Amye,Skoggings,askoggings4e@exblog.jp,Genderqueer,155.55.47.131
160,Jamesy,Luscombe,jluscombe4f@twitpic.com,Bigender,158.107.223.86
161,Colin,Alf,,Genderfluid,253.255.178.244
162,Caye,Nind,cnind4h@feedburner.com,Bigender,62.131.246.64
163,Isahella,Maisey,imaisey4i@tmall.com,Genderfluid,238.22.105.206
164,Daloris,Ilyuchyov,dilyuchyov4j@gizmodo.com,Male,146.13.232.16
165,Lilla,Heddan,lheddan4k@aol.com,Genderqueer,
166,Genovera,Rubenczyk,grubenczyk4l@prnewswire.com,Polygender,172.248.75.136
167,Andrei,Dutton,adutton4m@example.com,Female,132.49.124.165
168,Edgard,Romeril,eromeril4n@macromedia.com,Agender,42.141.96.213
169,Sadella,Silvers,,Non-binary,90.4.59.100
170,Ludovika,Fesby,lfesby4p@tuttocitta.it,Female,183.169.1.151
171,Jemima,Tummons,jtummons4q@spiegel.de,Genderfluid,22.156.59.176
172,Benedikt,Kepe,bkepe4r@163.com,Male,106.186.4.241
173,Maurise,Darnborough,mdarnborough4s@amazon.co.jp,Agender,230.111.192.254
174,Lacie,McGregor,lmcgregor4t@google.ca,Female,233.19.186.231
175,Carlita,Culleford,,Genderqueer,35.32.228.192
176,Miof mela,Glasscoo,mglasscoo4v@washingtonpost.com,Female,95.7.35.114
177,Antoinette,Rawll,arawll4w@cyberchimps.com,Non-binary,203.197.51.225
178,Violette,Aubury,vaubury4x@zdnet.com,Female,
179,Linnell,Iglesias,liglesias4y@paginegialle.it,Genderfluid,136.162.105.224
180,Winny,Luigi,wluigi4z@biglobe.ne.jp,Female,11.150.250.70
181,Nanni,Von Oertzen,nvonoertzen50@people.com.cn,Male,123.129.104.144
182,Weber,Markson,wmarkson51@wordpress.com,Polygender,254.86.202.20
183,Mychal,Gierardi,mgierardi52@bigcartel.com,Non-binary,241.129.8.250
184,Pamela,Harmeston,pharmeston53@surveymonkey.com,Male,51.129.167.72
185,Derward,Stebbins,dstebbins54@wufoo.com,Genderqueer,132.123.12.6
186,Christal,Killwick,ckillwick55@chronoengine.com,Bigender,73.168.225.56
187,Lowell,Elverston,lelverston56@dell.com,Genderfluid,73.255.35.16
188,Maurice,Dreakin,mdreakin57@patch.com,Non-binary,33.27.64.93
189,Haslett,Wadelin,hwadelin58@360.cn,Agender,123.236.235.96
190,Ignacius,Alexander,ialexander59@cdc.gov,Genderfluid,235.186.56.155
191,Hurleigh,Devenish,hdevenish5a@google.co.jp,Genderfluid,174.109.50.215
192,Zora,Goudie,zgoudie5b@loc.gov,Male,211.55.37.218
193,Milton,Starbucke,mstarbucke5c@google.co.uk,Genderqueer,70.214.15.154
194,Damara,Beardwell,,Agender,108.27.211.218
195,Ginevra,Idill,gidill5e@google.de,Bigender,121.72.48.100
196,Gwennie,Coghlin,gcoghlin5f@time.com,Genderqueer,123.20.77.43
197,Haroun,Pilch,hpilch5g@jugem.jp,Non-binary,60.196.173.109
198,Lavena,Hawker,lhawker5h@wisc.edu,Non-binary,238.43.167.197
199,Colver,Syrett,csyrett5i@mediafire.com,Female,25.7.194.220
200,Ansley,Blare,ablare5j@godaddy.com,Agender,89.34.154.65
201,Oona,Station,ostation5k@163.com,Non-binary,123.97.35.139
202,Gladi,Hune,ghune5l@nsw.gov.au,Non-binary,54.128.247.228
203,Malissa,Brockhouse,mbrockhouse5m@sbwire.com,Bigender,50.121.87.234
204,Shem,Wathell,,Genderqueer,84.176.150.17
205,Gilberto,Grunnill,ggrunnill5o@techcrunch.com,Bigender,130.203.159.41
206,Hyacintha,McLaine,hmclaine5p@walmart.com,Bigender,131.71.134.34
207,Regine,Routledge,rroutledge5q@drupal.org,Female,191.225.217.192
208,Kelbee,Cheevers,kcheevers5r@state.gov,Polygender,106.19.145.194
209,Clemmy,Sprey,csprey5s@twitpic.com,Agender,
210,Dorree,Triplow,dtriplow5t@webeden.co.uk,Female,128.122.203.162
211,Berty,Ligerton,bligerton5u@webmd.com,Non-binary,41.87.139.101
212,Kilian,Ciani,kciani5v@omniture.com,Non-binary,245.118.247.234
213,Frederica,Jozwik,fjozwik5w@google.ca,Genderfluid,230.13.160.217
214,Lori,Rosten,lrosten5x@ibm.com,Agender,
215,Phil,Brigham,pbrigham5y@ted.com,Genderfluid,76.179.147.66
216,Oralla,Majury,omajury5z@diigo.com,Non-binary,229.89.190.213
217,Cesya,Farlambe,cfarlambe60@soundcloud.com,Genderqueer,152.35.35.242
218,Chariot,Rudsdell,crudsdell61@guardian.co.uk,Agender,46.110.24.197
219,Mamie,Upshall,mupshall62@weather.com,Genderfluid,2.213.7.51
220,Camala,MacLeod,cmacleod63@zimbio.com,Polygender,248.153.59.46
221,Lea,Gergler,lgergler64@webeden.co.uk,Agender,226.27.17.146
222,Rich,Skace,,Non-binary,91.109.145.145
223,Emmalynne,Kovacs,ekovacs66@hexun.com,Genderqueer,192.132.166.52
224,Dorris,Frankis,dfrankis67@ed.gov,Genderqueer,50.71.153.58
225,Christiana,Cuckoo,ccuckoo68@walmart.com,Male,160.227.244.205
226,Miranda,Swaisland,mswaisland69@msn.com,Genderqueer,42.253.39.77
227,Hermie,Sprowson,,Female,8.165.243.122
228,Samuele,Provis,sprovis6b@163.com,Bigender,184.52.187.165
229,Reeva,Essel,ressel6c@independent.co.uk,Polygender,165.62.154.126
230,Vivyan,Meriel,vmeriel6d@msn.com,Genderqueer,24.126.132.196
231,Adolpho,Wauchope,awauchope6e@nbcnews.com,Female,140.95.201.158
232,Kylen,Murtell,kmurtell6f@wunderground.com,Genderfluid,
233,Blondelle,Lloyd,blloyd6g@livejournal.com,Agender,40.183.54.130
234,Margarethe,Konke,mkonke6h@army.mil,Agender,
235,Terry,Ellett,tellett6i@washingtonpost.com,Agender,53.74.228.83
236,Kendre,Winn,kwinn6j@xing.com,Non-binary,226.116.135.170
237,Salmon,Tudhope,studhope6k@jimdo.com,Male,42.111.98.113
238,Anatole,Clissett,aclissett6l@sciencedaily.com,Bigender,134.188.232.76
239,Ryley,Chang,rchang6m@state.gov,Genderfluid,127.77.203.71
240,Othello,Yakebovitch,oyakebovitch6n@privacy.gov.au,Polygender,
241,Micky,Ruddell,mruddell6o@lycos.com,Bigender,167.135.86.53
242,Templeton,Finney,tfinney6p@quantcast.com,Agender,63.142.198.19
243,Veda,Goater,vgoater6q@usatoday.com,Male,208.237.153.204
244,Tobe,Chong,tchong6r@meetup.com,Polygender,211.88.252.255
245,Courtney,Sooley,csooley6s@arstechnica.com,Female,139.189.138.28
246,Prent,Scallan,,Genderqueer,6.206.19.223
247,Pet,Pymm,ppymm6u@wunderground.com,Male,38.200.159.76
248,Kristo,Paynes,kpaynes6v@purevolume.com,Bigender,141.200.214.15
249,Cad,Southan,csouthan6w@hugedomains.com,Non-binary,93.35.143.78
250,Vic,Gosford,vgosford6x@ocn.ne.jp,Non-binary,119.172.10.120
251,Sunshine,Liepins,sliepins6y@earthlink.net,Genderfluid,23.145.214.95
252,Kipper,Leathe,kleathe6z@comsenz.com,Bigender,241.233.152.181
253,Carlie,Phelps,cphelps70@time.com,Genderfluid,11.199.158.91
254,Waite,Woolmington,wwoolmington71@imgur.com,Agender,145.145.200.40
255,Gibby,Nesbitt,gnesbitt72@soundcloud.com,Polygender,200.193.7.182
256,Zachery,Tavinor,ztavinor73@sciencedirect.com,Non-binary,197.108.3.111
257,Olag,Bourdis,obourdis74@usa.gov,Male,123.162.69.199
258,Cris,Quilty,cquilty75@behance.net,Polygender,209.48.57.57
259,Vaughan,Sherar,vsherar76@hatena.ne.jp,Genderfluid,69.117.94.139
260,Jedd,Gowan,,Genderfluid,92.26.37.148
261,Melisse,Aberdeen,,Female,106.174.129.64
262,Sadie,Garrow,sgarrow79@bigcartel.com,Genderqueer,184.11.214.219
263,Court,Petow,cpetow7a@virginia.edu,Genderqueer,68.75.213.44
264,Kennith,Aaronsohn,kaaronsohn7b@dedecms.com,Agender,50.245.249.192
265,Douglas,Beever,dbeever7c@moonfruit.com,Female,35.114.160.199
266,Baxie,Pilfold,bpilfold7d@gmpg.org,Polygender,184.120.212.210
267,Christiane,Crampton,ccrampton7e@sciencedaily.com,Male,69.2.60.157
268,Cally,Tiptaft,ctiptaft7f@github.com,Non-binary,176.187.201.150
269,Jamie,Stonebridge,jstonebridge7g@marriott.com,Non-binary,37.40.41.172
270,Dulcea,Petru,dpetru7h@dyndns.org,Genderfluid,119.84.187.100
271,Kaspar,Padmore,kpadmore7i@posterous.com,Female,239.125.166.29
272,Dael,Negri,dnegri7j@ft.com,Male,115.43.175.138
273,Crosby,Thistleton,cthistleton7k@indiatimes.com,Bigender,124.108.116.220
274,Minda,Totton,mtotton7l@i2i.jp,Genderfluid,122.225.51.17
275,Geraldine,Pettingill,,Male,52.152.159.185
276,Stormy,Bittany,sbittany7n@state.gov,Non-binary,27.245.131.130
277,Isabeau,Geaves,igeaves7o@yandex.ru,Male,70.206.236.4
278,Rafaello,Fenck,rfenck7p@chronoengine.com,Genderqueer,250.145.82.160
279,Alicea,Gowers,agowers7q@moonfruit.com,Male,
280,Mattheus,Lillo,mlillo7r@deviantart.com,Genderfluid,233.133.46.46
281,Charity,Chuck,cchuck7s@rakuten.co.jp,Non-binary,28.49.232.26
282,Marchall,Renak,mrenak7t@stumbleupon.com,Male,
283,Giffie,Cotesford,gcotesford7u@abc.net.au,Genderqueer,3.18.91.188
284,Reynold,Ortet,,Polygender,129.231.123.47
285,Orion,Foan,ofoan7w@tmall.com,Male,0.65.186.74
286,Moll,Spoward,,Bigender,192.44.239.71
287,Minne,Vasilchenko,mvasilchenko7y@xing.com,Genderqueer,225.115.40.33
288,Tracee,Nendick,tnendick7z@t.co,Non-binary,40.236.77.119
289,Linc,Servis,lservis80@about.com,Genderqueer,74.197.192.134
290,Zandra,Leggis,zleggis81@vistaprint.com,Agender,88.134.181.20
291,Hildegarde,Dilworth,hdilworth82@163.com,Agender,199.199.157.96
292,Isabella,Hoggin,ihoggin83@gov.uk,Non-binary,13.170.241.247
293,Xever,Ratnage,xratnage84@oracle.com,Polygender,50.143.98.236
294,Viva,Rate,vrate85@cornell.edu,Genderfluid,
295,Nicolle,Harrap,nharrap86@gnu.org,Polygender,162.176.17.206
296,Karylin,Breckon,kbreckon87@nih.gov,Bigender,141.86.38.135
297,Phil,Billie,pbillie88@163.com,Female,172.188.54.157
298,Percy,Fazan,pfazan89@ft.com,Male,253.234.238.0
299,Calypso,March,cmarch8a@360.cn,Agender,61.186.83.167
300,Nial,Breache,nbreache8b@a8.net,Genderqueer,114.51.210.94
301,Gene,Naton,gnaton8c@go.com,Male,62.4.187.238
302,Letti,Augie,laugie8d@hostgator.com,Non-binary,240.224.115.108
303,Netty,Huckleby,nhuckleby8e@360.cn,Non-binary,132.223.34.151
304,Arabele,Bellchamber,abellchamber8f@cbc.ca,Genderfluid,50.48.139.92
305,Selig,Styan,sstyan8g@bizjournals.com,Bigender,182.169.211.19
306,Orion,Elstone,oelstone8h@psu.edu,Agender,139.170.47.104
307,Catlin,Blaszkiewicz,cblaszkiewicz8i@loc.gov,Male,163.125.190.113
308,Lexy,Filan,lfilan8j@list-manage.com,Genderqueer,207.86.233.117
309,Jonell,Elcum,jelcum8k@newyorker.com,Non-binary,22.69.55.3
310,Almeta,Pointon,apointon8l@diigo.com,Agender,161.118.76.125
311,Levy,Matiebe,lmatiebe8m@yandex.ru,Polygender,63.1.39.51
312,Sissy,Grinikhin,sgrinikhin8n@jimdo.com,Female,209.89.0.35
313,Koressa,Rudman,krudman8o@hatena.ne.jp,Female,91.34.104.9
314,Alyosha,Hubbucke,,Male,130.88.64.220
315,Junette,Surr,jsurr8q@nifty.com,Male,34.133.138.192
316,Cristabel,Sutter,csutter8r@barnesandnoble.com,Non-binary,46.66.171.71
317,Keefer,Yurin,kyurin8s@cbc.ca,Agender,121.225.10.184
318,Dani,Fearne,dfearne8t@mayoclinic.com,Female,37.44.16.13
319,Karalee,Hebdon,khebdon8u@wunderground.com,Non-binary,40.108.43.109
320,Zelig,Blaycock,zblaycock8v@github.io,Genderqueer,250.53.108.252
321,Astrix,Kondratowicz,akondratowicz8w@ycombinator.com,Polygender,131.131.195.196
322,Dag,Gerardi,dgerardi8x@msn.com,Non-binary,20.141.126.62
323,Cathyleen,Burling,cburling8y@wufoo.com,Agender,23.12.229.8
324,Jemmy,Raddon,jraddon8z@dyndns.org,Agender,211.22.186.12
325,Viviyan,Figiovanni,vfigiovanni90@toplist.cz,Male,81.203.227.165
326,Dennis,Kelland,dkelland91@discuz.net,Genderqueer,240.48.108.14
327,Annelise,Ellyatt,aellyatt92@webs.com,Female,151.238.233.134
328,Ellery,Capon,ecapon93@homestead.com,Agender,233.134.79.64
329,Roy,Payn,rpayn94@creativecommons.org,Genderqueer,
330,Jeromy,Jorg,jjorg95@imageshack.us,Non-binary,46.59.215.227
331,Jacquelynn,Hammersley,jhammersley96@guardian.co.uk,Non-binary,83.130.156.148
332,Anallese,Werndley,awerndley97@geocities.com,Bigender,214.178.117.99
333,Gabriela,Pitcaithley,gpitcaithley98@shop-pro.jp,Female,13.217.126.11
334,Corty,Jeanequin,cjeanequin99@mashable.com,Genderqueer,203.175.42.216
335,Barnabas,Twelvetree,,Polygender,105.77.23.219
336,Tobi,Labarre,tlabarre9b@scribd.com,Bigender,69.175.14.76
337,Sybyl,Attenborrow,sattenborrow9c@jalbum.net,Polygender,250.246.254.136
338,Alta,Calltone,acalltone9d@digg.com,Male,240.73.207.123
339,Ina,Heakins,iheakins9e@t-online.de,Genderqueer,167.171.5.249
340,Mariana,Turbayne,mturbayne9f@uol.com.br,Polygender,49.62.85.52
341,Zilvia,Pidcock,zpidcock9g@fastcompany.com,Polygender,182.27.230.129
342,Cami,Goskar,cgoskar9h@google.cn,Bigender,122.1.73.162
343,Perrine,Morot,pmorot9i@i2i.jp,Male,97.75.137.146
344,Brian,Oatley,boatley9j@slate.com,Genderqueer,223.181.22.55
345,Babette,Coleshill,,Polygender,238.166.98.225
346,Nil,Immings,,Male,144.243.195.237
347,Ashia,Leifer,,Polygender,8.226.65.175
348,Prue,Cahalin,pcahalin9n@bing.com,Non-binary,200.170.15.250
349,Raff,Airth,rairth9o@prlog.org,Female,59.239.30.70
350,Aristotle,De la Eglise,adelaeglise9p@abc.net.au,Polygender,28.72.140.86
351,Charity,Harriott,charriott9q@liveinternet.ru,Male,153.255.210.196
352,Fabe,Valente,fvalente9r@oaic.gov.au,Agender,215.173.49.213
353,Whitby,Stanfield,wstanfield9s@walmart.com,Polygender,128.174.251.214
354,Aron,Keyte,akeyte9t@infoseek.co.jp,Male,191.134.26.64
355,Pip,Drewell,pdrewell9u@baidu.com,Agender,180.221.130.190
356,Alexandros,Cowburn,acowburn9v@istockphoto.com,Polygender,249.114.71.206
357,Susanetta,Thorp,sthorp9w@mayoclinic.com,Bigender,195.86.33.22
358,Kristan,Edworthy,kedworthy9x@dmoz.org,Bigender,129.110.188.7
359,Marne,Roderham,mroderham9y@so-net.ne.jp,Bigender,177.199.140.18
360,Bat,Kneesha,bkneesha9z@artisteer.com,Non-binary,254.42.90.107
361,Brandon,Loyndon,bloyndona0@telegraph.co.uk,Genderfluid,122.82.131.253
362,Stace,McQueen,smcqueena1@webeden.co.uk,Polygender,51.129.116.243
363,Flem,Bettesworth,,Female,109.215.10.137
364,Judah,Nettleship,jnettleshipa3@acquirethisname.com,Genderfluid,
365,Twyla,Ciobutaru,tciobutarua4@vimeo.com,Male,
366,Barb,Hartegan,bhartegana5@free.fr,Genderfluid,218.147.5.150
367,Pier,Godar,pgodara6@ibm.com,Bigender,202.12.3.149
368,Tucker,Clemencon,tclemencona7@aboutads.info,Polygender,184.85.78.107
369,Kipp,Blazey,kblazeya8@cbslocal.com,Bigender,
370,Carlo,Heintze,cheintzea9@myspace.com,Bigender,197.200.152.229
371,Xever,Loren,xlorenaa@elegantthemes.com,Male,233.237.81.58
372,Wandie,O'Shavlan,woshavlanab@hubpages.com,Bigender,164.241.232.81
373,Barbabas,Karpe,bkarpeac@geocities.jp,Agender,
374,Artur,Jouning,,Polygender,9.174.45.248
375,Janot,Kornacki,jkornackiae@shop-pro.jp,Polygender,180.196.67.87
376,Malorie,Fynes,mfynesaf@bravesites.com,Female,201.193.236.170
377,Carly,Hackford,chackfordag@cnn.com,Female,61.127.240.51
378,Benedetta,Liebmann,bliebmannah@japanpost.jp,Non-binary,240.54.110.116
379,Arlan,Silcocks,asilcocksai@accuweather.com,Male,45.230.123.57
380,Oliver,Livezley,olivezleyaj@unc.edu,Male,139.5.162.113
381,Heall,Escoffier,,Male,188.98.180.14
382,Ellsworth,Walewicz,ewalewiczal@discuz.net,Non-binary,139.158.231.2
383,Konstanze,Kingscote,kkingscoteam@hao123.com,Male,107.12.119.181
384,Giorgi,Coaten,gcoatenan@eepurl.com,Genderqueer,11.232.195.251
385,Al,Tippetts,atippettsao@bloomberg.com,Genderqueer,84.164.170.113
386,Myrna,Prevost,mprevostap@army.mil,Bigender,
387,Gerry,Treven,gtrevenaq@boston.com,Genderfluid,25.249.21.22
388,Guthry,Matzaitis,gmatzaitisar@wix.com,Female,109.137.10.236
389,Consuelo,Valerio,cvalerioas@hugedomains.com,Bigender,91.151.179.223
390,Stafford,Stranieri,sstranieriat@naver.com,Female,193.38.2.192
391,Ethelred,Geri,egeriau@yahoo.co.jp,Genderqueer,156.199.127.170
392,Coralyn,Armsden,carmsdenav@opera.com,Male,58.252.150.186
393,Noni,Gewer,ngeweraw@psu.edu,Polygender,182.167.119.139
394,Horatio,Fleg,hflegax@jigsy.com,Non-binary,141.104.147.179
395,Jarred,Schechter,jschechteray@cdbaby.com,Bigender,246.206.220.21
396,Delcina,Counihan,,Genderfluid,243.121.117.133
397,Torey,Cornfoot,tcornfootb0@oakley.com,Polygender,124.148.76.23
398,Ephrem,Chesterton,echestertonb1@themeforest.net,Genderfluid,191.53.146.174
399,Jsandye,Josland,jjoslandb2@kickstarter.com,Bigender,238.149.146.32
400,Sawyer,Sarre,ssarreb3@domainmarket.com,Polygender,194.135.252.190
401,Charley,Hurley,churleyb4@fotki.com,Male,61.196.77.67
402,Dela,Dabnot,ddabnotb5@ted.com,Genderqueer,143.42.86.100
403,Cleo,MacGillivrie,cmacgillivrieb6@zdnet.com,Agender,163.155.235.19
404,Bellina,Desmond,bdesmondb7@symantec.com,Agender,250.158.155.138
405,Gwynne,Human,ghumanb8@wiley.com,Polygender,157.92.47.24
406,Ransom,Rowney,rrowneyb9@kickstarter.com,Bigender,180.85.156.171
407,Webster,Self,wselfba@163.com,Female,214.21.111.192
408,Horace,Stanworth,hstanworthbb@woothemes.com,Male,11.198.107.178
409,Grethel,Lerer,glererbc@webnode.com,Female,250.167.235.208
410,Yehudit,Lots,ylotsbd@icio.us,Female,105.155.12.36
411,Percy,Scud,,Bigender,186.226.228.167
412,Annnora,Brader,abraderbf@mac.com,Agender,40.84.207.26
413,Niccolo,Mayoral,nmayoralbg@wikimedia.org,Agender,
414,Constantine,Dreakin,cdreakinbh@unicef.org,Male,
415,Elita,Earnshaw,eearnshawbi@intel.com,Female,
416,Heinrik,Davidsohn,hdavidsohnbj@pcworld.com,Polygender,168.29.50.201
417,Jacobo,Crooke,jcrookebk@freewebs.com,Genderqueer,90.23.226.24
418,Willyt,Scaddon,wscaddonbl@globo.com,Genderqueer,202.99.92.233
419,Rozele,Attenbrough,rattenbroughbm@slideshare.net,Bigender,127.0.75.33
420,Silvia,MacCague,smaccaguebn@jiathis.com,Agender,114.169.160.54
421,Claudian,Kindley,ckindleybo@yandex.ru,Polygender,225.80.188.191
422,Hunter,Rushbrooke,hrushbrookebp@answers.com,Bigender,42.136.219.56
423,Dall,Mayston,dmaystonbq@blog.com,Non-binary,153.192.60.178
424,Kassia,De Simoni,kdesimonibr@google.ru,Genderfluid,176.214.80.198
425,Wallace,Sorsbie,wsorsbiebs@meetup.com,Female,95.216.238.245
426,Gordan,Kampshell,gkampshellbt@hhs.gov,Female,133.221.98.67
427,Channa,Vogele,cvogelebu@twitpic.com,Non-binary,66.152.89.76
428,Marcos,Jenman,mjenmanbv@last.fm,Male,132.67.131.21
429,Ursa,Conklin,uconklinbw@fotki.com,Non-binary,79.20.7.253
430,Anstice,Gissop,agissopbx@woothemes.com,Genderqueer,108.123.104.176
431,Artemas,Battill,abattillby@washington.edu,Genderfluid,16.86.89.195
432,Kendre,Towll,ktowllbz@stumbleupon.com,Non-binary,45.186.102.146
433,Reagan,Renshall,rrenshallc0@spotify.com,Non-binary,2.149.111.36
434,Gunar,Yeardley,gyeardleyc1@noaa.gov,Bigender,113.109.42.197
435,Emmalyn,Simonutti,,Female,29.199.212.182
436,Georgia,Geany,ggeanyc3@apple.com,Male,181.69.96.96
437,Bernie,Seabourne,bseabournec4@squidoo.com,Genderfluid,111.126.175.178
438,Stuart,Fahey,sfaheyc5@nhs.uk,Non-binary,204.226.166.100
439,Laurie,Luddy,lluddyc6@spotify.com,Genderfluid,125.183.244.146
440,Noelani,Kearn,nkearnc7@berkeley.edu,Male,
441,Louis,Hartil,lhartilc8@dagondesign.com,Genderqueer,250.244.12.47
442,Drew,Switzer,dswitzerc9@theguardian.com,Bigender,180.172.249.174
443,Christiane,Gilby,cgilbyca@addtoany.com,Non-binary,34.162.186.89
444,Reinold,Delahunt,rdelahuntcb@360.cn,Non-binary,9.172.196.243
445,Jocelyn,Pomphrett,jpomphrettcc@umn.edu,Bigender,239.76.96.209
446,Aubrey,Jordon,ajordoncd@ezinearticles.com,Polygender,200.179.153.66
447,Dane,Lock,dlockce@homestead.com,Non-binary,63.171.175.138
448,Jsandye,Heditch,jheditchcf@taobao.com,Female,200.62.205.206
449,Opal,Andrea,,Non-binary,63.161.24.249
450,Tami,Guitte,tguittech@timesonline.co.uk,Bigender,209.96.20.176
451,Valentina,Towe,,Genderqueer,215.134.52.82
452,Abbie,Maitland,amaitlandcj@businessweek.com,Bigender,196.25.54.173
453,Frederik,Adnet,fadnetck@engadget.com,Bigender,196.63.112.91
454,Mylo,Mallinar,mmallinarcl@skyrock.com,Non-binary,59.204.139.75
455,Madlin,Moffatt,mmoffattcm@youtu.be,Male,134.148.24.121
456,Robinett,Blanch,rblanchcn@fema.gov,Female,131.233.96.11
457,Pooh,Garnsey,pgarnseyco@dot.gov,Non-binary,24.43.229.184
458,Coreen,Mosey,cmoseycp@i2i.jp,Non-binary,205.192.175.43
459,Jeanette,Frood,jfroodcq@youtube.com,Polygender,220.94.193.190
460,Greer,Pinnock,gpinnockcr@livejournal.com,Agender,125.160.202.18
461,Foster,Adamthwaite,fadamthwaitecs@cbslocal.com,Genderfluid,62.117.250.60
462,Cyb,Murty,cmurtyct@xinhuanet.com,Bigender,148.66.165.102
463,Jareb,Danilovitch,jdanilovitchcu@cnn.com,Non-binary,167.182.205.159
464,Karlen,Rideout,krideoutcv@youku.com,Non-binary,
465,Glynn,Dreakin,gdreakincw@topsy.com,Non-binary,173.102.149.25
466,Alexandrina,Caurah,acaurahcx@buzzfeed.com,Non-binary,214.223.12.70
467,Gran,Biggans,gbigganscy@homestead.com,Male,24.204.176.68
468,Marietta,Siehard,msiehardcz@phoca.cz,Female,242.238.179.75
469,Angelique,Brelsford,abrelsfordd0@state.tx.us,Genderqueer,230.58.191.142
470,Guilbert,Saunderson,gsaundersond1@zimbio.com,Female,125.140.34.74
471,Sheeree,Staries,sstariesd2@liveinternet.ru,Genderfluid,160.162.96.235
472,Hunfredo,Chorley,,Non-binary,243.137.202.103
473,Pauly,Innerstone,,Male,252.57.66.1
474,Binny,Cardenoza,bcardenozad5@deliciousdays.com,Male,164.104.92.150
475,Broddy,Bessell,bbesselld6@tuttocitta.it,Agender,144.192.221.190
476,Maxwell,Bazelle,mbazelled7@ucoz.ru,Non-binary,196.246.15.108
477,Irina,Cranch,icranchd8@cyberchimps.com,Agender,238.29.227.6
478,Dix,Tetford,dtetfordd9@smugmug.com,Genderqueer,183.55.254.10
479,Noel,Pregel,npregelda@wikispaces.com,Polygender,71.43.111.52
480,Harwell,Freeth,hfreethdb@shutterfly.com,Male,148.63.196.202
481,Jervis,Kemetz,jkemetzdc@netlog.com,Female,69.120.254.39
482,Nissy,Ewers,newersdd@sphinn.com,Female,142.14.248.101
483,Jammal,Eleshenar,jeleshenarde@twitpic.com,Bigender,232.190.89.133
484,Marilin,Gallehock,mgallehockdf@wikimedia.org,Female,128.123.122.149
485,Marcelline,Winscom,mwinscomdg@homestead.com,Female,28.244.18.58
486,Camilla,Ligerton,cligertondh@state.tx.us,Genderqueer,
487,Hubie,Lennarde,hlennardedi@cocolog-nifty.com,Non-binary,208.71.229.164
488,Rora,Eakly,,Female,254.84.140.207
489,Iggy,Runham,irunhamdk@surveymonkey.com,Non-binary,112.86.86.2
490,Lilas,Lowers,llowersdl@trellian.com,Polygender,
491,Katrina,Vicker,kvickerdm@histats.com,Bigender,73.79.153.31
492,Marys,Unwin,munwindn@adobe.com,Genderfluid,48.196.170.97
493,Arley,Saint,asaintdo@infoseek.co.jp,Polygender,219.205.86.169
494,Curr,Alvares,calvaresdp@apache.org,Non-binary,199.179.44.199
495,Lexine,Goldin,lgoldindq@ocn.ne.jp,Polygender,238.58.121.120
496,Veronica,Murfill,vmurfilldr@twitter.com,Genderqueer,58.134.71.23
497,Anny,Pawden,apawdends@springer.com,Non-binary,156.220.169.34
498,Madge,Ghion,mghiondt@ihg.com,Genderqueer,110.248.169.82
499,Rebeca,Blench,rblenchdu@instagram.com,Male,
500,Sherill,Whellans,swhellansdv@barnesandnoble.com,Female,127.142.204.122
501,Berrie,Deinert,bdeinertdw@cnn.com,Bigender,61.146.23.195
502,Niki,Joanic,njoanicdx@paypal.com,Agender,137.201.221.252
503,Mab,Winsbury,mwinsburydy@gnu.org,Genderfluid,
504,Geno,Attarge,gattargedz@mediafire.com,Non-binary,221.173.60.12
505,Lew,Widmoor,lwidmoore0@bbc.co.uk,Agender,95.12.109.192
506,Chip,Bulbrook,cbulbrooke1@businesswire.com,Male,148.109.88.119
507,Bibbye,Roake,broakee2@tumblr.com,Polygender,238.45.30.61
508,Patrizia,Dubose,pdubosee3@skyrock.com,Bigender,171.142.219.251
509,Daryl,MacCook,dmaccooke4@t-online.de,Bigender,232.4.248.52
510,Sasha,Jochen,sjochene5@pagesperso-orange.fr,Bigender,122.112.125.194
511,Ashlen,Finders,afinderse6@bloglovin.com,Genderfluid,118.176.87.129
512,James,Pauluzzi,jpauluzzie7@cam.ac.uk,Agender,11.90.208.137
513,Antin,Barnwill,abarnwille8@techcrunch.com,Genderqueer,226.224.213.238
514,Hersh,Jossel,,Female,0.177.186.171
515,Collin,Swadon,cswadonea@hatena.ne.jp,Non-binary,93.184.134.196
516,Ardelia,Croisier,acroisiereb@cnet.com,Female,192.222.167.221
517,Lynn,Locard,llocardec@usatoday.com,Polygender,153.219.34.112
518,Petronille,McCrudden,pmccruddened@opensource.org,Genderqueer,91.214.104.240
519,Ambrosius,Craigg,acraiggee@histats.com,Agender,53.145.250.88
520,Nathalie,Fierro,nfierroef@wufoo.com,Non-binary,155.227.51.137
521,Cassandra,MacNeish,cmacneisheg@prweb.com,Male,140.116.192.26
522,Koral,Gadie,kgadieeh@sakura.ne.jp,Non-binary,37.243.185.252
523,Nady,Lusgdin,nlusgdinei@uiuc.edu,Genderqueer,220.99.170.232
524,Norbie,Bexley,nbexleyej@sohu.com,Bigender,246.157.115.213
525,Maisey,Hawkslee,mhawksleeek@netscape.com,Genderfluid,68.81.159.170
526,Shirley,Hambric,shambricel@boston.com,Polygender,103.109.151.144
527,Raimund,Bunson,rbunsonem@friendfeed.com,Genderqueer,13.158.80.233
528,Auguste,Hoffmann,ahoffmannen@i2i.jp,Male,228.216.136.46
529,Derick,Manach,dmanacheo@dell.com,Genderqueer,32.24.61.244
530,Corly,Caras,ccarasep@uiuc.edu,Genderfluid,218.147.52.92
531,Dorice,Schubart,dschubarteq@zimbio.com,Genderqueer,202.149.222.3
532,Maddalena,Risen,mrisener@latimes.com,Polygender,63.215.232.250
533,Marijn,Hillhouse,mhillhousees@nature.com,Non-binary,49.210.193.137
534,Dedra,Panketh,dpankethet@nytimes.com,Male,59.75.9.228
535,Agata,Cawston,acawstoneu@wp.com,Female,218.166.153.112
536,Enos,Johannesson,ejohannessonev@nih.gov,Polygender,83.67.230.91
537,Kary,Glendining,kglendiningew@twitpic.com,Agender,29.89.169.49
538,Mira,Pennigar,mpennigarex@dell.com,Genderqueer,78.170.130.75
539,Cass,Emm,cemmey@issuu.com,Female,193.201.198.107
540,Sandy,Ticksall,sticksallez@wired.com,Genderqueer,73.118.191.169
541,Torr,Geldert,tgeldertf0@ow.ly,Genderfluid,51.102.228.143
542,Adan,Bendan,abendanf1@uol.com.br,Bigender,146.226.84.110
543,Nappie,Waddingham,nwaddinghamf2@last.fm,Female,116.120.223.251
544,Seth,Clowser,sclowserf3@nytimes.com,Genderqueer,174.138.15.167
545,Eirena,Tod,etodf4@is.gd,Polygender,43.117.66.79
546,Fifi,Hugonin,fhugoninf5@exblog.jp,Polygender,161.163.227.113
547,Padraic,Prime,pprimef6@wisc.edu,Bigender,97.96.3.224
548,Tonya,Benam,tbenamf7@soundcloud.com,Genderqueer,57.116.110.164
549,Netty,Jaggli,njagglif8@51.la,Agender,40.34.24.112
550,Jo,Wickie,jwickief9@nps.gov,Non-binary,139.196.210.249
551,Corty,Lote,clotefa@seattletimes.com,Genderqueer,107.4.13.215
552,Maribel,Goodlake,mgoodlakefb@reddit.com,Female,167.8.35.183
553,Sol,Blose,sblosefc@posterous.com,Male,192.6.81.13
554,Darrell,Loins,dloinsfd@google.pl,Male,141.53.44.160
555,Beryl,Kneath,bkneathfe@washington.edu,Polygender,93.128.168.255
556,Murvyn,Sands-Allan,msandsallanff@intel.com,Agender,254.238.162.50
557,Salvidor,Wickwarth,swickwarthfg@spotify.com,Polygender,115.173.155.197
558,Grethel,Kivelhan,gkivelhanfh@163.com,Polygender,155.123.68.239
559,Nikita,Addicote,naddicotefi@fc2.com,Female,64.3.5.153
560,Dallon,Danby,ddanbyfj@miibeian.gov.cn,Non-binary,107.121.172.150
561,Bettina,Szymanski,bszymanskifk@tripod.com,Genderfluid,165.148.31.225
562,Patsy,Wearne,pwearnefl@senate.gov,Bigender,50.6.5.185
563,Paquito,Portwaine,pportwainefm@nps.gov,Polygender,86.0.194.110
564,Sharla,Turfus,sturfusfn@addthis.com,Male,62.94.240.93
565,Happy,McKennan,hmckennanfo@smh.com.au,Genderqueer,107.240.227.123
566,Mignonne,Crick,mcrickfp@blog.com,Genderqueer,240.55.49.30
567,Mathe,Abramowitz,mabramowitzfq@myspace.com,Genderfluid,11.189.228.11
568,Xever,Mapp,xmappfr@abc.net.au,Male,52.64.224.212
569,Myca,Badini,mbadinifs@uol.com.br,Genderqueer,80.85.39.192
570,Florina,Echalie,fechalieft@ow.ly,Male,210.138.166.4
571,Tallulah,Dudding,tduddingfu@amazon.com,Female,220.22.157.210
572,Valida,MacAlister,,Agender,206.56.10.181
573,Randi,Mongenot,rmongenotfw@engadget.com,Genderfluid,38.150.241.213
574,Isabelle,Sieur,isieurfx@amazonaws.com,Genderqueer,94.35.155.219
575,Davey,Meeks,dmeeksfy@chronoengine.com,Genderfluid,71.24.103.192
576,Dall,Purselowe,dpurselowefz@vkontakte.ru,Bigender,58.54.71.46
577,Franky,Follis,ffollisg0@hibu.com,Genderfluid,213.100.97.20
578,Wyndham,Cousin,,Bigender,75.226.88.204
579,Cathrin,Rive,,Non-binary,11.204.215.220
580,Delcine,Keymer,,Non-binary,
581,Aguste,Weald,awealdg4@chronoengine.com,Agender,153.70.0.242
582,Starr,Ucchino,succhinog5@blogtalkradio.com,Polygender,99.68.192.177
583,Tricia,Margetson,tmargetsong6@google.nl,Male,200.0.67.198
584,Xever,Coppeard,xcoppeardg7@usgs.gov,Female,213.117.185.164
585,Rasla,MacQuaker,rmacquakerg8@pcworld.com,Non-binary,166.149.104.47
586,Maddalena,Juniper,mjuniperg9@alexa.com,Genderfluid,92.193.223.238
587,Charmine,Lambrook,clambrookga@weibo.com,Female,11.67.222.94
588,Raymond,Jeffryes,rjeffryesgb@home.pl,Female,241.18.22.181
589,Cortney,Tanman,ctanmangc@shareasale.com,Polygender,
590,Guss,Tyler,gtylergd@g.co,Agender,234.13.204.139
591,Khalil,Haggath,khaggathge@unc.edu,Female,243.61.164.169
592,Pauline,Bucktharp,pbucktharpgf@ted.com,Non-binary,49.9.219.198
593,Meryl,Vazquez,mvazquezgg@businessinsider.com,Bigender,114.130.128.43
594,Marsiella,Rosenbloom,mrosenbloomgh@howstuffworks.com,Polygender,181.1.144.19
595,Vin,Abeau,vabeaugi@networksolutions.com,Agender,117.185.189.89
596,Karole,Vanyard,kvanyardgj@walmart.com,Genderfluid,116.0.160.65
597,Gonzales,Vayne,,Female,26.64.156.80
598,Sidney,Herrieven,sherrievengl@fotki.com,Non-binary,
599,Faulkner,Ledley,,Male,105.125.119.11
600,Sam,Steffan,ssteffangn@xing.com,Female,41.124.58.223
601,Tadio,Muffen,tmuffengo@fda.gov,Agender,131.245.220.195
602,Hirsch,Peiser,hpeisergp@w3.org,Male,122.94.63.54
603,Thaxter,Harvey,tharveygq@reverbnation.com,Polygender,172.88.138.81
604,David,Harme,dharmegr@squarespace.com,Female,167.200.225.34
605,Vi,Ranger,vrangergs@virginia.edu,Agender,105.87.73.84
606,Purcell,Cunnell,pcunnellgt@google.fr,Genderqueer,216.86.119.188
607,Tiff,Grinnov,tgrinnovgu@macromedia.com,Genderqueer,43.87.46.164
608,Mellisa,MacGow,mmacgowgv@nydailynews.com,Female,165.195.82.248
609,Lorrie,Barr,lbarrgw@google.co.uk,Bigender,74.146.24.137
610,Wyatan,Plaster,,Bigender,39.222.5.6
611,Griz,Wastie,,Non-binary,
612,Magda,Antat,mantatgz@cafepress.com,Genderqueer,
613,Tab,Voice,tvoiceh0@bluehost.com,Female,35.187.246.147
614,Poppy,Leek,pleekh1@nbcnews.com,Female,244.240.40.23
615,Wheeler,Lympany,wlympanyh2@tmall.com,Polygender,96.94.149.15
616,Agata,Paunton,apauntonh3@usnews.com,Genderqueer,113.136.15.181
617,Rutledge,Northcote,rnorthcoteh4@dailymotion.com,Polygender,179.169.9.60
618,Frans,Brownfield,fbrownfieldh5@mapy.cz,Bigender,26.129.103.22
619,Quintina,Vannuccini,qvannuccinih6@tiny.cc,Female,78.4.101.72
620,Teirtza,Gladwish,tgladwishh7@nsw.gov.au,Agender,
621,Cord,McCloy,cmccloyh8@mozilla.org,Genderqueer,184.65.113.99
622,Garth,McGonigle,gmcgonigleh9@devhub.com,Bigender,226.206.245.31
623,Martica,Colliar,mcolliarha@kickstarter.com,Genderqueer,104.148.105.220
624,Rogers,Norcott,rnorcotthb@apple.com,Non-binary,69.61.36.215
625,Ellette,Platts,eplattshc@squarespace.com,Genderfluid,29.200.124.170
626,Lethia,Eary,learyhd@weibo.com,Female,240.220.199.79
627,Felisha,Sparkes,fsparkeshe@wp.com,Genderqueer,140.154.226.204
628,Cherlyn,Pigford,cpigfordhf@stanford.edu,Bigender,192.230.164.204
629,Kyla,Chalker,kchalkerhg@myspace.com,Male,18.153.211.81
630,Phillip,Biggen,pbiggenhh@wikispaces.com,Non-binary,118.121.31.222
631,Britt,Scheu,bscheuhi@google.it,Female,
632,Tommy,Bellon,tbellonhj@unblog.fr,Genderqueer,156.57.209.44
633,Kareem,Izkovitz,kizkovitzhk@creativecommons.org,Female,34.2.51.137
634,Jane,Cofax,jcofaxhl@indiegogo.com,Bigender,44.45.240.133
635,Etti,Henrique,ehenriquehm@house.gov,Non-binary,144.115.209.193
636,Al,Adamini,aadaminihn@smugmug.com,Agender,52.79.4.41
637,Efren,Blasius,eblasiusho@vk.com,Bigender,179.145.174.63
638,Padgett,Duckett,pducketthp@furl.net,Male,
639,Christoph,Keam,,Genderqueer,251.107.113.170
640,Gerhardine,Dack,,Polygender,
641,Annadiana,Croney,,Female,6.194.54.78
642,Franciska,Hutchins,fhutchinsht@chron.com,Polygender,101.249.89.31
643,Bren,Watkinson,bwatkinsonhu@zdnet.com,Male,210.136.224.37
644,Louella,O'Hannigan,lohanniganhv@wikimedia.org,Female,126.98.122.120
645,Donelle,Piecha,dpiechahw@ihg.com,Non-binary,94.48.102.28
646,Roger,Staniland,rstanilandhx@hibu.com,Genderfluid,10.115.85.195
647,Daron,Hassett,dhassetthy@livejournal.com,Female,142.100.9.253
648,Amabel,Henaughan,ahenaughanhz@naver.com,Non-binary,237.16.234.227
649,Peadar,Gyrgorcewicx,pgyrgorcewicxi0@goo.ne.jp,Agender,2.56.92.158
650,Zacharias,Devonald,zdevonaldi1@flavors.me,Male,200.9.1.84
651,Blinni,Van den Oord,bvandenoordi2@wp.com,Male,112.66.153.249
652,Dame,Verrechia,dverrechiai3@slideshare.net,Polygender,114.189.101.232
653,Timothee,Bedward,tbedwardi4@nature.com,Genderfluid,146.238.213.208
654,Sonnnie,Naptin,snaptini5@jigsy.com,Polygender,154.187.35.188
655,Nevsa,Rickeard,nrickeardi6@cdc.gov,Agender,
656,Tina,Deschlein,tdeschleini7@redcross.org,Polygender,130.211.2.254
657,Leila,Kettles,lkettlesi8@tripod.com,Genderfluid,
658,Shara,Essberger,sessbergeri9@weebly.com,Genderfluid,244.25.77.117
659,Ogdon,Henighan,,Polygender,193.251.197.125
660,Sarene,Lauder,slauderib@wisc.edu,Polygender,247.103.40.47
661,Guenna,Oldnall,goldnallic@psu.edu,Bigender,219.118.153.201
662,Shepard,Tringham,stringhamid@google.it,Male,109.58.183.82
663,Rhetta,Savill,rsavillie@cnn.com,Polygender,
664,Sonnie,O'Teague,soteagueif@cloudflare.com,Non-binary,254.96.46.248
665,Thekla,Selvey,tselveyig@people.com.cn,Bigender,73.155.64.170
666,Andrus,Scroxton,ascroxtonih@psu.edu,Polygender,143.28.161.22
667,Amalea,Walklett,awalklettii@hostgator.com,Genderqueer,20.86.153.35
668,Chancey,Rash,crashij@bloglovin.com,Polygender,94.169.134.166
669,Fidelity,Luca,flucaik@t-online.de,Non-binary,108.190.255.196
670,Consuelo,Decroix,,Agender,45.122.28.14
671,Aldus,Paybody,apaybodyim@toplist.cz,Polygender,190.17.246.100
672,Wolfgang,Overington,woveringtonin@time.com,Female,116.11.68.169
673,Corrinne,Fritchly,cfritchlyio@ustream.tv,Male,158.155.200.65
674,Gottfried,Rodda,groddaip@123-reg.co.uk,Non-binary,188.83.53.30
675,Andriana,Houlahan,ahoulahaniq@usatoday.com,Genderqueer,
676,Kissiah,Lackney,klackneyir@cbslocal.com,Male,51.172.37.204
677,Fania,Vernay,fvernayis@discovery.com,Polygender,195.12.99.11
678,Shandy,Gath,sgathit@nih.gov,Female,
679,Roberto,Larmett,rlarmettiu@cargocollective.com,Genderqueer,241.161.100.155
680,Phillipe,Goodlife,pgoodlifeiv@gnu.org,Agender,53.1.109.104
681,Peri,Juhruke,pjuhrukeiw@slate.com,Polygender,230.110.65.156
682,Shaylyn,Themann,sthemannix@nbcnews.com,Genderfluid,144.98.119.92
683,Gaylord,Sedworth,gsedworthiy@hexun.com,Polygender,
684,Bernette,Hargreves,bhargrevesiz@topsy.com,Male,191.176.219.96
685,Ardyce,Broxap,abroxapj0@vk.com,Polygender,217.223.82.205
686,Adina,Henriquet,ahenriquetj1@wisc.edu,Non-binary,92.167.233.198
687,Ronica,Ullett,rullettj2@cbsnews.com,Bigender,2.230.27.110
688,Gisela,Meek,gmeekj3@youku.com,Bigender,177.239.96.51
689,Kaia,Gullam,kgullamj4@issuu.com,Male,203.169.63.13
690,Peggy,Berkley,pberkleyj5@macromedia.com,Female,137.165.103.157
691,Sydney,Cookes,scookesj6@pbs.org,Bigender,225.67.93.196
692,Ase,Choppen,achoppenj7@issuu.com,Non-binary,150.115.125.42
693,Saba,Munden,smundenj8@usgs.gov,Agender,14.163.185.58
694,Virge,Halston,vhalstonj9@time.com,Agender,
695,Berke,Yarnell,byarnellja@eepurl.com,Genderqueer,178.108.131.131
696,Astra,Pease,apeasejb@virginia.edu,Male,185.234.153.225
697,Anatol,Bollini,abollinijc@friendfeed.com,Bigender,29.128.240.194
698,Paolina,Stapels,pstapelsjd@yandex.ru,Genderfluid,125.175.98.34
699,Clementia,Helstrip,chelstripje@fastcompany.com,Genderqueer,45.67.161.171
700,Smith,Golland,sgollandjf@kickstarter.com,Female,8.186.42.92
701,Zoe,Runacres,zrunacresjg@reuters.com,Non-binary,
702,Daphna,Twiddy,dtwiddyjh@51.la,Male,63.132.216.100
703,Ailee,Conring,aconringji@wix.com,Genderfluid,128.187.245.21
704,Marv,Lamperd,mlamperdjj@npr.org,Genderfluid,71.145.173.147
705,Melinde,Noquet,mnoquetjk@bbc.co.uk,Polygender,
706,Marris,Biset,mbisetjl@meetup.com,Non-binary,94.80.54.3
707,Ag,Loftie,aloftiejm@abc.net.au,Polygender,100.13.169.58
708,Lou,Podbury,lpodburyjn@eventbrite.com,Genderqueer,66.236.19.83
709,Georgianne,Liddy,,Male,3.81.164.217
710,Edy,Mougeot,emougeotjp@studiopress.com,Agender,217.148.40.94
711,Beau,Knill,bknilljq@boston.com,Genderfluid,224.242.142.170
712,Ainslee,Uc,aucjr@yale.edu,Genderqueer,
713,Darelle,Lanaway,dlanawayjs@artisteer.com,Genderqueer,182.66.225.63
714,Brenden,Roggieri,broggierijt@xrea.com,Bigender,6.167.108.57
715,Orv,Royans,oroyansju@nsw.gov.au,Agender,85.99.222.141
716,Tressa,Leimster,tleimsterjv@seesaa.net,Polygender,88.25.55.106
717,Fonz,Phibb,fphibbjw@latimes.com,Agender,1.81.207.72
718,Gale,Leckie,gleckiejx@over-blog.com,Agender,156.216.145.176
719,Livy,Dodimead,ldodimeadjy@jalbum.net,Genderfluid,230.121.81.26
720,Barby,Staveley,bstaveleyjz@flickr.com,Non-binary,117.211.19.71
721,Sampson,Aindrais,,Genderqueer,96.181.150.38
722,Coriss,Ventom,cventomk1@woothemes.com,Genderqueer,141.232.231.150
723,Gabi,Blazejewski,,Non-binary,8.150.236.236
724,Brunhilde,Kelston,bkelstonk3@cam.ac.uk,Genderqueer,181.113.142.183
725,Bucky,Ferne,,Female,1.249.75.195
726,Skylar,Mycock,smycockk5@scientificamerican.com,Bigender,115.251.147.3
727,Ingemar,Covotto,icovottok6@eventbrite.com,Male,154.101.200.182
728,Marie-jeanne,Anthoney,manthoneyk7@jimdo.com,Non-binary,101.252.135.51
729,Frederique,Filmer,ffilmerk8@cbslocal.com,Female,
730,Celisse,Lewsam,clewsamk9@blog.com,Female,50.75.220.56
731,Skipton,Calvert,scalvertka@mac.com,Female,161.150.212.221
732,Randolph,Whetnell,rwhetnellkb@squidoo.com,Male,209.119.47.88
733,Roxy,Wavell,rwavellkc@google.com.br,Non-binary,207.118.84.178
734,Gabi,Klimov,gklimovkd@google.es,Agender,96.176.255.92
735,Rey,McCartan,rmccartanke@ftc.gov,Non-binary,137.101.22.213
736,Mala,Looks,mlookskf@acquirethisname.com,Agender,222.190.240.111
737,Gretchen,Terris,gterriskg@ted.com,Polygender,94.255.171.243
738,Skipper,Purdey,spurdeykh@cisco.com,Bigender,5.38.16.209
739,Sacha,Spary,ssparyki@craigslist.org,Non-binary,252.169.229.95
740,Oates,Pranger,oprangerkj@ftc.gov,Non-binary,1.97.153.192
741,Robbert,Lachaize,rlachaizekk@yellowbook.com,Genderqueer,
742,Delbert,Gasparro,,Genderqueer,102.111.5.101
743,Zaria,Botcherby,zbotcherbykm@latimes.com,Female,176.211.29.188
744,Cello,Berthomieu,cberthomieukn@tamu.edu,Genderfluid,216.159.4.67
745,Lynnell,Daouze,ldaouzeko@hao123.com,Agender,120.53.150.225
746,Armand,Hovington,ahovingtonkp@npr.org,Female,
747,Ross,Sim,rsimkq@bloomberg.com,Female,138.100.236.119
748,Noelle,Millions,nmillionskr@nytimes.com,Genderfluid,243.68.127.82
749,Clarette,Badby,cbadbyks@dmoz.org,Polygender,218.116.183.50
750,Bertie,le Keux,blekeuxkt@dailymail.co.uk,Genderqueer,41.94.0.218
751,Daisy,Pordall,dpordallku@harvard.edu,Genderqueer,177.46.192.39
752,Kennie,Ivankin,kivankinkv@china.com.cn,Male,165.240.108.13
753,Catarina,Jiggens,cjiggenskw@reverbnation.com,Agender,220.25.114.191
754,Wrennie,Ingerith,wingerithkx@engadget.com,Female,16.92.220.85
755,Ricard,Bulcock,rbulcockky@dedecms.com,Male,223.204.164.186
756,Ardelle,Dmych,admychkz@ycombinator.com,Agender,105.155.126.200
757,Sephira,Vinter,svinterl0@howstuffworks.com,Genderfluid,131.206.211.139
758,Morrie,Mainds,mmaindsl1@plala.or.jp,Non-binary,232.31.122.33
759,Donny,Dinan,ddinanl2@microsoft.com,Male,
760,Hardy,Bubbins,hbubbinsl3@java.com,Agender,
761,Stevie,Etuck,setuckl4@wiley.com,Polygender,16.13.223.90
762,Xylina,Hayworth,xhayworthl5@t-online.de,Male,236.139.84.239
763,Frants,Stainton - Skinn,fstaintonskinnl6@latimes.com,Bigender,204.224.219.213
764,Gwenny,Muckloe,gmuckloel7@bbc.co.uk,Male,
765,Amelita,Spottiswood,aspottiswoodl8@uiuc.edu,Bigender,29.210.10.18
766,Sharia,Llop,sllopl9@pcworld.com,Agender,205.202.167.73
767,Harlie,Longman,hlongmanla@ucoz.com,Genderqueer,130.99.246.222
768,Aggie,Cranson,acransonlb@wufoo.com,Genderqueer,74.204.37.114
769,Sherill,Banyard,sbanyardlc@tumblr.com,Non-binary,
770,Thane,Crudgington,,Genderfluid,127.86.38.124
771,Ricki,Symcoxe,rsymcoxele@posterous.com,Male,185.3.12.94
772,Izzy,Penwright,ipenwrightlf@imdb.com,Genderfluid,27.241.119.104
773,Rebecka,Davage,rdavagelg@home.pl,Agender,207.57.91.238
774,Merry,Finnick,,Genderqueer,
775,Sherm,Sifleet,ssifleetli@miitbeian.gov.cn,Genderfluid,32.142.139.199
776,Valentina,Neads,vneadslj@businessweek.com,Male,76.45.19.169
777,Northrup,Pettipher,npettipherlk@jiathis.com,Bigender,167.234.244.198
778,Goldy,Tyer,gtyerll@over-blog.com,Bigender,164.90.6.213
779,Susana,Pepys,spepyslm@livejournal.com,Bigender,119.76.226.240
780,Imogene,Pears,,Male,147.241.62.67
781,Jonas,O'Hern,johernlo@webs.com,Genderqueer,8.70.159.54
782,Ronda,Brickham,rbrickhamlp@seattletimes.com,Female,81.2.203.56
783,Avie,Dinneen,adinneenlq@microsoft.com,Agender,116.225.116.37
784,Ethyl,Petrichat,epetrichatlr@zimbio.com,Genderfluid,193.143.216.249
785,Esme,Van Merwe,evanmerwels@omniture.com,Genderfluid,253.41.92.217
786,Marleen,Lamperti,mlampertilt@cbsnews.com,Genderfluid,92.242.153.218
787,Rudd,Lynnitt,rlynnittlu@phoca.cz,Female,7.238.6.8
788,Caria,Crumbleholme,ccrumbleholmelv@state.gov,Bigender,
789,Arlie,Corten,acortenlw@state.gov,Genderfluid,154.61.207.89
790,Emilee,Ebbitt,eebbittlx@canalblog.com,Agender,153.34.109.36
791,Bobbe,Brogi,bbrogily@goo.gl,Genderqueer,
792,Bondon,Fomichyov,bfomichyovlz@tinyurl.com,Female,97.180.222.153
793,Jonie,Hassey,jhasseym0@unblog.fr,Polygender,86.56.150.31
794,Carr,McDougle,,Agender,64.157.4.72
795,Walker,Roaf,wroafm2@smugmug.com,Non-binary,
796,Carce,Risborough,crisboroughm3@cmu.edu,Agender,231.100.187.203
797,Keith,Willars,kwillarsm4@comcast.net,Male,72.242.235.61
798,Iosep,Parkhouse,iparkhousem5@pbs.org,Bigender,19.172.110.226
799,Eadmund,Farncomb,efarncombm6@globo.com,Genderqueer,219.46.2.22
800,Livvyy,Sumption,lsumptionm7@gov.uk,Genderqueer,4.127.233.155
801,Jae,Mohammad,jmohammadm8@cmu.edu,Polygender,177.64.5.185
802,Domingo,Walrond,dwalrondm9@domainmarket.com,Genderfluid,101.121.30.121
803,Pascale,Vasilyev,pvasilyevma@prlog.org,Female,68.177.201.144
804,Saudra,Holburn,sholburnmb@cbslocal.com,Male,211.205.240.110
805,Anselm,Jakovijevic,ajakovijevicmc@whitehouse.gov,Female,19.2.26.164
806,Veriee,Vink,vvinkmd@pagesperso-orange.fr,Female,35.84.224.36
807,Eleanor,Plowell,eplowellme@timesonline.co.uk,Bigender,248.143.207.102
808,Smith,McCourt,smccourtmf@last.fm,Bigender,251.60.247.34
809,Nevil,Kleinerman,nkleinermanmg@blogspot.com,Agender,
810,Juli,Lindholm,jlindholmmh@wufoo.com,Genderfluid,124.180.91.5
811,Lyn,Pestor,lpestormi@dion.ne.jp,Female,61.201.96.107
812,Adriane,Lamberth,alamberthmj@europa.eu,Genderfluid,
813,Wayland,Boodell,wboodellmk@arstechnica.com,Agender,209.243.127.211
814,Ree,Rosenberger,rrosenbergerml@cbc.ca,Male,214.185.135.130
815,Yolande,Assaf,,Bigender,48.80.0.15
816,Rina,Pearcy,rpearcymn@reuters.com,Male,134.120.12.38
817,Bren,Stannering,bstanneringmo@canalblog.com,Bigender,
818,Lisha,Scurfield,lscurfieldmp@ucoz.ru,Polygender,50.197.164.54
819,Ruddy,McQuode,rmcquodemq@harvard.edu,Female,137.61.82.143
820,Marcile,Gossage,mgossagemr@51.la,Genderfluid,206.127.136.70
821,Maison,Sidry,msidryms@tmall.com,Non-binary,160.13.217.179
822,Nolana,Gobolos,ngobolosmt@google.cn,Bigender,
823,Rooney,Palay,rpalaymu@stumbleupon.com,Non-binary,16.118.17.227
824,Marcia,Slay,mslaymv@fastcompany.com,Agender,145.255.252.44
825,Johna,Alexandre,jalexandremw@unesco.org,Genderqueer,143.56.91.151
826,Thornton,McHugh,tmchughmx@nps.gov,Polygender,136.97.21.114
827,Roxanna,Warrack,rwarrackmy@issuu.com,Female,252.39.75.134
828,Grady,Kimberley,gkimberleymz@photobucket.com,Polygender,45.89.70.176
829,Barbe,Jelphs,bjelphsn0@apache.org,Genderqueer,246.167.3.106
830,Agna,Shearn,ashearnn1@comsenz.com,Genderfluid,97.197.173.239
831,Ginnifer,Lardez,glardezn2@biblegateway.com,Bigender,243.150.5.177
832,Ilyse,Critchlow,icritchlown3@tamu.edu,Male,253.61.100.8
833,Lynda,Tytler,,Male,225.93.186.250
834,Norman,Painten,npaintenn5@china.com.cn,Genderfluid,229.66.172.190
835,Arliene,Compford,acompfordn6@alexa.com,Male,26.179.240.116
836,Shandee,Weeke,sweeken7@accuweather.com,Polygender,
837,Davide,Baldelli,dbaldellin8@loc.gov,Genderqueer,172.238.42.34
838,Maddi,Thay,mthayn9@berkeley.edu,Agender,168.202.70.44
839,Leontyne,Hinze,lhinzena@indiatimes.com,Female,93.103.203.183
840,Bartholomeo,Malia,bmalianb@wisc.edu,Agender,164.201.39.64
841,Godiva,Vella,gvellanc@alexa.com,Genderfluid,
842,Lois,Morgon,lmorgonnd@creativecommons.org,Female,
843,Jaynell,Pinson,jpinsonne@google.cn,Male,
844,Pace,Shelliday,pshellidaynf@pcworld.com,Female,163.151.134.174
845,Aleda,Guterson,agutersonng@sohu.com,Non-binary,29.49.68.117
846,Dionis,Nowak,dnowaknh@mail.ru,Polygender,252.82.221.43
847,Tracie,Durnford,,Male,163.125.186.206
848,Lew,Bisp,lbispnj@time.com,Non-binary,228.28.161.238
849,Gardie,Kneafsey,gkneafseynk@deviantart.com,Agender,254.241.184.166
850,Laurence,Ealam,lealamnl@businesswire.com,Genderfluid,184.43.96.195
851,Jeannette,Drillingcourt,jdrillingcourtnm@vk.com,Bigender,75.199.101.196
852,Cobb,Hughman,chughmannn@ed.gov,Male,237.56.194.80
853,Land,Fewkes,lfewkesno@mapy.cz,Male,200.34.75.70
854,Jarrod,Brosch,jbroschnp@stanford.edu,Non-binary,189.228.39.86
855,Gay,Valentino,gvalentinonq@craigslist.org,Non-binary,49.79.11.154
856,Harper,Osmint,hosmintnr@pinterest.com,Genderqueer,26.177.52.64
857,Zolly,Ballintime,zballintimens@dedecms.com,Agender,95.117.18.95
858,Clare,Dunniom,cdunniomnt@craigslist.org,Genderqueer,79.45.162.210
859,Kerry,Firle,kfirlenu@blogspot.com,Polygender,143.115.114.207
860,Corbin,Dugood,cdugoodnv@gov.uk,Female,106.42.85.114
861,Arte,Pheby,aphebynw@angelfire.com,Genderqueer,161.122.213.249
862,Enrique,Yeld,eyeldnx@topsy.com,Polygender,252.76.169.161
863,Tarrah,Winslett,twinslettny@usgs.gov,Genderfluid,77.45.152.148
864,Ali,Korneichuk,akorneichuknz@alibaba.com,Agender,195.54.25.1
865,Riannon,Justun,rjustuno0@phpbb.com,Female,93.1.110.169
866,Blakeley,Ronchi,bronchio1@umich.edu,Agender,78.251.208.57
867,Jenelle,Yemm,jyemmo2@scribd.com,Polygender,184.212.250.243
868,Barri,Fargher,bfarghero3@delicious.com,Bigender,142.97.68.196
869,Agnese,Rudolph,arudolpho4@cisco.com,Agender,6.250.254.45
870,Tanitansy,Wais,twaiso5@umich.edu,Female,70.86.251.38
871,Hinda,Burnyate,,Agender,
872,Jacob,Caley,jcaleyo7@wikispaces.com,Agender,139.253.150.111
873,Jorry,Willmott,jwillmotto8@newsvine.com,Agender,48.199.12.103
874,Bethena,Worstall,bworstallo9@house.gov,Female,204.233.209.63
875,Read,Gallaccio,rgallacciooa@symantec.com,Genderfluid,135.199.146.156
876,Waldo,Cuss,wcussob@chronoengine.com,Polygender,
877,Minnaminnie,Beggs,mbeggsoc@altervista.org,Agender,202.234.57.150
878,Dominica,Duplan,dduplanod@japanpost.jp,Non-binary,204.168.181.63
879,Chester,Ailsbury,cailsburyoe@amazon.com,Female,42.55.234.237
880,Jacquetta,Pass,jpassof@t.co,Bigender,110.43.114.176
881,Erin,Abbie,eabbieog@sun.com,Non-binary,88.251.201.175
882,Torey,Nealy,tnealyoh@digg.com,Non-binary,107.122.197.80
883,Haily,Davoren,hdavorenoi@w3.org,Non-binary,253.81.61.98
884,Hillery,Campany,hcampanyoj@w3.org,Polygender,14.28.241.37
885,Karrah,Kinglesyd,kkinglesydok@cbsnews.com,Non-binary,147.171.234.41
886,Abagael,Suddock,asuddockol@who.int,Female,74.48.205.230
887,Yetty,Tanslie,ytanslieom@woothemes.com,Agender,57.220.97.58
888,Teena,Potkin,tpotkinon@salon.com,Bigender,14.25.145.15
889,Karrie,Baignard,kbaignardoo@hao123.com,Genderfluid,100.98.254.59
890,Zacharia,Snalum,zsnalumop@feedburner.com,Female,189.155.80.94
891,Shalom,Ewan,sewanoq@artisteer.com,Genderfluid,195.250.56.198
892,Isiahi,Strang,istrangor@goo.gl,Agender,175.8.95.213
893,Ive,Welband,iwelbandos@cbslocal.com,Non-binary,67.79.200.187
894,Benjamen,Reach,breachot@google.es,Agender,188.119.44.67
895,Lonnie,Chesson,lchessonou@cdbaby.com,Agender,141.222.121.129
896,Berrie,Slimings,bslimingsov@networkadvertising.org,Polygender,152.230.24.107
897,Eugene,Dowthwaite,edowthwaiteow@forbes.com,Bigender,141.214.26.38
898,Trenton,Outright,toutrightox@1688.com,Polygender,47.183.45.236
899,Aluino,Atling,aatlingoy@360.cn,Polygender,244.141.89.89
900,Sonnie,Roblin,sroblinoz@stanford.edu,Female,173.110.174.99
901,Maurice,Risdale,mrisdalep0@google.ca,Genderfluid,
902,Leif,Belfield,lbelfieldp1@dagondesign.com,Male,216.174.170.61
903,Anderson,Cheek,acheekp2@alexa.com,Genderfluid,149.200.160.14
904,Lucilia,Menhenitt,lmenhenittp3@telegraph.co.uk,Female,61.111.225.224
905,Tabbatha,Ciobutaro,tciobutarop4@theatlantic.com,Agender,206.73.236.39
906,Anna,Abelwhite,aabelwhitep5@ft.com,Polygender,44.137.134.147
907,Janka,Klainer,jklainerp6@qq.com,Female,170.53.218.180
908,Drona,Ollenbuttel,dollenbuttelp7@huffingtonpost.com,Genderfluid,177.198.26.143
909,Jessey,Kenningham,jkenninghamp8@omniture.com,Polygender,118.137.251.214
910,Haily,Poulglais,hpoulglaisp9@wufoo.com,Polygender,35.161.222.73
911,Muffin,Newcome,mnewcomepa@patch.com,Genderfluid,184.121.147.230
912,Dagmar,Vian,dvianpb@techcrunch.com,Non-binary,73.130.155.254
913,Chadd,Spellman,cspellmanpc@dailymotion.com,Genderqueer,245.214.75.124
914,Philly,Mallion,,Non-binary,
915,Temp,Coleford,tcolefordpe@zdnet.com,Non-binary,97.139.29.207
916,Nancie,O'Hollegan,noholleganpf@facebook.com,Non-binary,64.47.248.225
917,Carroll,Pauli,cpaulipg@themeforest.net,Genderqueer,160.64.82.6
918,Ellen,Coughlan,ecoughlanph@census.gov,Genderqueer,
919,Elfrieda,Woodsford,ewoodsfordpi@edublogs.org,Bigender,159.90.21.3
920,Ora,Thor,othorpj@flavors.me,Bigender,177.121.202.199
921,Alejandro,Caplan,acaplanpk@ifeng.com,Non-binary,71.209.227.147
922,Knox,Studde,kstuddepl@51.la,Polygender,39.8.171.141
923,Neely,Ambroz,nambrozpm@china.com.cn,Agender,213.182.0.253
924,Lavena,Cordet,lcordetpn@list-manage.com,Bigender,96.34.26.14
925,Madella,Piotrkowski,mpiotrkowskipo@live.com,Bigender,211.171.213.207
926,Craggie,Blancowe,cblancowepp@oracle.com,Polygender,8.29.241.255
927,Lemuel,Skevington,lskevingtonpq@google.ru,Genderfluid,180.147.166.96
928,Cordey,Greendale,cgreendalepr@comcast.net,Genderfluid,36.169.64.158
929,Keary,Manueau,kmanueaups@gizmodo.com,Agender,157.118.144.166
930,Ethelred,Peat,epeatpt@paginegialle.it,Agender,
931,Audrey,Allery,aallerypu@quantcast.com,Genderfluid,177.253.70.233
932,Salli,Duetschens,sduetschenspv@github.com,Genderqueer,
933,Suzie,Poluzzi,spoluzzipw@lycos.com,Agender,23.56.73.255
934,Hermine,Braunstein,hbraunsteinpx@rediff.com,Female,131.175.167.66
935,Hebert,Biagini,hbiaginipy@upenn.edu,Genderqueer,95.94.215.177
936,Arabelle,Dyzart,adyzartpz@ezinearticles.com,Male,200.131.7.226
937,Sylvia,Newsome,snewsomeq0@wix.com,Bigender,63.219.37.74
938,Federica,Raikes,fraikesq1@economist.com,Agender,124.251.177.119
939,Madlen,Aguirrezabal,maguirrezabalq2@go.com,Genderqueer,12.149.17.109
940,Roley,Jeyness,rjeynessq3@arstechnica.com,Genderfluid,112.55.249.11
941,Ernestine,Pellingar,epellingarq4@newsvine.com,Male,26.179.225.191
942,Manya,Shercliff,mshercliffq5@dot.gov,Polygender,221.240.33.128
943,Peter,Minchi,pminchiq6@geocities.com,Female,81.21.202.198
944,Iolanthe,Schule,ischuleq7@blogspot.com,Bigender,5.163.175.179
945,Luigi,Lakes,llakesq8@hhs.gov,Female,185.5.174.177
946,Traci,Kerbler,tkerblerq9@macromedia.com,Agender,94.237.25.69
947,Emmalynn,Odda,eoddaqa@xrea.com,Polygender,176.25.134.203
948,Granville,Onraet,gonraetqb@livejournal.com,Polygender,215.105.119.44
949,Jacquelynn,Cullip,jcullipqc@domainmarket.com,Non-binary,69.89.183.209
950,Lari,Woltman,lwoltmanqd@alibaba.com,Genderqueer,101.130.17.156
951,Cal,Dmisek,,Agender,81.113.0.30
952,Kara,Porker,kporkerqf@shop-pro.jp,Genderfluid,
953,Corbin,Pridie,cpridieqg@google.pl,Genderqueer,176.167.158.241
954,Kiersten,Oldcroft,koldcroftqh@aboutads.info,Female,155.107.106.141
955,Amelie,World,aworldqi@histats.com,Female,144.148.50.167
956,Riccardo,Quidenham,rquidenhamqj@archive.org,Female,76.34.242.163
957,Ansel,Adcock,aadcockqk@delicious.com,Bigender,202.42.56.210
958,Ruby,Iglesias,riglesiasql@ebay.com,Female,149.204.219.140
959,Oralie,Whyteman,owhytemanqm@ow.ly,Non-binary,188.151.87.176
960,Marcie,Delamar,mdelamarqn@cisco.com,Genderfluid,12.162.82.81
961,Irena,Coon,icoonqo@alibaba.com,Male,102.130.164.42
962,Delmor,Trafford,dtraffordqp@sakura.ne.jp,Female,26.79.136.112
963,Nolana,Kelshaw,nkelshawqq@list-manage.com,Polygender,82.193.53.150
964,Gabriell,Aubrey,gaubreyqr@newsvine.com,Polygender,202.103.201.84
965,Ondrea,Scanlin,oscanlinqs@geocities.com,Male,69.88.236.125
966,Othilie,Eginton,oegintonqt@youtu.be,Polygender,250.106.183.1
967,Burlie,Berzons,bberzonsqu@archive.org,Genderfluid,30.11.138.111
968,Van,Damp,vdampqv@imgur.com,Female,154.231.83.84
969,Cross,Meechan,cmeechanqw@free.fr,Polygender,148.142.29.144
970,Virgina,Ahmad,vahmadqx@ehow.com,Male,61.186.230.50
971,Obadiah,Richold,oricholdqy@reddit.com,Agender,166.7.17.183
972,Libbie,Alderman,laldermanqz@vimeo.com,Agender,115.68.223.61
973,Juieta,Rogier,jrogierr0@t.co,Polygender,204.96.113.204
974,Pippy,Toombs,ptoombsr1@etsy.com,Non-binary,160.197.210.121
975,Ryan,Bartrop,rbartropr2@google.com.au,Genderfluid,194.236.123.253
976,Lazar,Wanderschek,lwanderschekr3@pen.io,Bigender,2.232.95.181
977,Leanora,Jemmett,ljemmettr4@imageshack.us,Bigender,47.107.129.109
978,Isaak,Blewitt,iblewittr5@techcrunch.com,Genderfluid,65.133.20.89
979,Jillie,Row,jrowr6@ning.com,Genderqueer,224.94.84.50
980,Joey,Feasby,jfeasbyr7@netvibes.com,Non-binary,29.243.118.249
981,Davey,Dani,ddanir8@cocolog-nifty.com,Non-binary,169.10.98.61
982,Zach,Bubbins,zbubbinsr9@ibm.com,Agender,220.125.189.187
983,Charil,Gauford,cgaufordra@woothemes.com,Female,236.32.75.146
984,Wes,Stratton,wstrattonrb@trellian.com,Genderqueer,166.60.204.142
985,Sabina,Krzyzowski,skrzyzowskirc@ycombinator.com,Non-binary,133.168.7.153
986,Frederique,Harrington,fharringtonrd@google.ru,Genderqueer,183.112.104.45
987,Rusty,Paik,rpaikre@1688.com,Male,167.10.217.132
988,Benny,Grindley,,Agender,251.40.137.109
989,Ianthe,Brouwer,ibrouwerrg@latimes.com,Male,71.26.43.105
990,Tabbi,De Vaar,tdevaarrh@ustream.tv,Genderqueer,102.71.127.197
991,Uri,Whiston,uwhistonri@squidoo.com,Polygender,175.208.113.83
992,Rosemarie,Franceschino,,Bigender,8.170.99.23
993,Sibbie,La Wille,slawillerk@nih.gov,Agender,182.19.147.3
994,Mignonne,Lahy,mlahyrl@arstechnica.com,Female,92.206.80.161
995,Collette,Biddlestone,cbiddlestonerm@dion.ne.jp,Male,88.158.202.209
996,Joice,Doogan,jdooganrn@123-reg.co.uk,Genderqueer,201.173.240.118
997,Reinhard,Maw,rmawro@nyu.edu,Bigender,23.225.129.14
998,Carri,Valler,cvallerrp@oaic.gov.au,Non-binary,240.3.247.6
999,Enrichetta,Rankin,erankinrq@wix.com,Bigender,185.153.86.227
1000,Jolene,MacPadene,jmacpadenerr@si.edu,Polygender,119.153.131.29
