id,first_name,last_name,email,gender,ip_address
1,Rees,Amyes,ramyes0@craigslist.org,Male,79.66.44.243
2,Camile,Naden,cnaden1@posterous.com,Genderqueer,152.214.180.217
3,Birdie,Biagi,bbiagi2@barnesandnoble.com,Male,132.168.24.23
4,Augustine,Dabrowski,adabrowski3@soup.io,Female,232.252.63.124
5,Alvira,Rome,arome4@trellian.com,Female,197.21.97.29
6,Dene,Angrave,dangrave5@reverbnation.com,Genderfluid,227.111.78.147
7,Fredrika,Arsey,farsey6@smh.com.au,Female,99.81.155.115
8,Nadine,Bresson,nbresson7@ehow.com,Agender,135.177.200.169
9,Colin,Pilling,cpilling8@thetimes.co.uk,Non-binary,77.58.246.3
10,Dorey,Conway,dconway9@microsoft.com,Genderqueer,150.224.231.18
11,Rubetta,Hellmer,rhellmera@craigslist.org,Male,41.248.46.20
12,Jacynth,Leidl,jleidlb@vistaprint.com,Female,19.53.209.37
13,Issiah,Teeney,iteeneyc@ask.com,Bigender,12.182.35.153
14,Michelina,Tomley,mtomleyd@slideshare.net,Female,147.146.194.6
15,Devondra,Birdwistle,dbirdwistlee@arizona.edu,Agender,224.50.96.73
16,Neysa,Cumo,ncumof@abc.net.au,Genderqueer,34.151.105.246
17,Jaymee,Hanton,jhantong@unicef.org,Bigender,218.197.61.241
18,Hersch,Grumley,hgrumleyh@stanford.edu,Female,225.34.77.50
19,Devonna,Cordner,dcordneri@last.fm,Female,153.41.254.60
20,Lin,Scrange,lscrangej@privacy.gov.au,Non-binary,84.78.120.69
21,Greg,MacTrusty,gmactrustyk@ocn.ne.jp,Genderqueer,56.114.99.227
22,Ottilie,Feechum,ofeechuml@google.ru,Polygender,207.178.185.175
23,Marleen,Livesey,mliveseym@sogou.com,Non-binary,116.155.75.170
24,Elga,Joicey,ejoiceyn@privacy.gov.au,Female,163.84.234.245
25,Tabbie,Curtoys,tcurtoyso@fotki.com,Female,225.156.184.39
26,Xenos,Jolliman,xjollimanp@intel.com,Non-binary,199.239.244.137
27,Erhart,McCurry,emccurryq@tuttocitta.it,Bigender,28.121.181.210
28,Lorilee,MacRorie,lmacrorier@goo.ne.jp,Genderfluid,85.3.152.104
29,Amerigo,Lammiman,alammimans@flavors.me,Polygender,145.96.200.33
30,Pippo,Liebmann,pliebmannt@kickstarter.com,Female,34.64.243.90
31,Paloma,Duester,pduesteru@discovery.com,Agender,219.115.198.243
32,Norbert,Scholes,nscholesv@themeforest.net,Polygender,9.255.143.117
33,Meta,Pidgin,mpidginw@samsung.com,Female,226.86.8.6
34,Rebeca,Springett,rspringettx@hibu.com,Agender,37.227.17.129
35,Friederike,Brockhouse,fbrockhousey@cnet.com,Bigender,64.114.131.244
36,Borden,Rouby,broubyz@hud.gov,Bigender,193.91.251.63
37,Devy,Paxforde,dpaxforde10@merriam-webster.com,Genderfluid,60.57.77.183
38,Brian,Bishell,bbishell11@miibeian.gov.cn,Polygender,147.242.122.34
39,Nancee,Orrin,norrin12@webnode.com,Bigender,106.107.38.74
40,Tedmund,Allday,tallday13@senate.gov,Non-binary,51.40.32.230
41,Lorita,Astle,lastle14@fc2.com,Genderqueer,236.193.188.181
42,Kent,Astlatt,kastlatt15@51.la,Male,4.83.231.150
43,Carlee,Westover,cwestover16@webmd.com,Non-binary,75.222.242.54
44,Beau,Stillert,bstillert17@ehow.com,Agender,240.61.2.3
45,Neddie,Phlippsen,nphlippsen18@sina.com.cn,Female,228.13.213.128
46,Shermy,Costelow,scostelow19@dmoz.org,Polygender,25.155.241.2
47,Fabe,Harnetty,fharnetty1a@lycos.com,Genderqueer,222.140.180.97
48,Jenn,De Freitas,jdefreitas1b@ucoz.com,Non-binary,221.77.35.193
49,Dickie,O'Siaghail,dosiaghail1c@flavors.me,Agender,52.248.238.41
50,Tammie,Kiddie,tkiddie1d@narod.ru,Female,214.168.138.251
51,Legra,Peedell,lpeedell1e@addtoany.com,Female,90.71.100.79
52,Rufus,Gatland,rgatland1f@technorati.com,Agender,55.160.45.74
53,Una,Habard,uhabard1g@oracle.com,Genderqueer,183.61.57.31
54,Marin,Goady,mgoady1h@youku.com,Genderqueer,121.36.2.178
55,Cory,Masterson,cmasterson1i@mysql.com,Polygender,183.139.161.12
56,Brendan,Blaisdell,bblaisdell1j@unc.edu,Genderfluid,46.32.68.92
57,Stormie,Morphew,smorphew1k@census.gov,Non-binary,9.131.226.101
58,Wendye,Chateau,wchateau1l@paginegialle.it,Agender,229.67.149.137
59,Rey,Whatson,rwhatson1m@merriam-webster.com,Female,128.111.147.21
60,Eberhard,Milley,emilley1n@economist.com,Bigender,240.129.37.67
61,Ulysses,Worton,uworton1o@lycos.com,Agender,159.173.228.252
62,Jaime,Mosby,jmosby1p@sciencedaily.com,Female,65.13.97.6
63,Yvon,Porte,yporte1q@chronoengine.com,Non-binary,41.76.49.18
64,Estrella,Polini,epolini1r@hostgator.com,Agender,40.12.31.120
65,Evangelia,Jovovic,ejovovic1s@wikia.com,Non-binary,50.123.118.51
66,Sig,Gunton,sgunton1t@pbs.org,Non-binary,10.23.129.62
67,Mervin,Pauletti,mpauletti1u@mtv.com,Genderfluid,0.192.83.173
68,Ivette,Ashlin,iashlin1v@google.com.au,Female,94.211.152.214
69,Mattie,Wohler,mwohler1w@livejournal.com,Agender,209.216.145.157
70,Blakeley,Hairsnape,bhairsnape1x@joomla.org,Agender,59.222.200.171
71,Tomlin,Kleinpeltz,tkleinpeltz1y@state.gov,Polygender,42.106.127.181
72,Baldwin,Duffet,bduffet1z@github.io,Male,221.223.123.4
73,Doria,Silversmid,dsilversmid20@infoseek.co.jp,Bigender,159.90.31.24
74,Bella,Edmenson,bedmenson21@amazon.de,Bigender,2.164.121.55
75,Alyda,Featherbie,afeatherbie22@google.fr,Female,161.151.15.119
76,Malina,Thacker,mthacker23@tuttocitta.it,Polygender,151.213.223.248
77,Maria,Bente,mbente24@ebay.com,Non-binary,195.45.64.239
78,Ettie,De Bruin,edebruin25@dell.com,Female,179.99.14.224
79,Olive,O'Cassidy,oocassidy26@mashable.com,Non-binary,148.70.4.160
80,Vale,Klimek,vklimek27@lycos.com,Bigender,241.212.169.126
81,Felic,Cayette,fcayette28@nhs.uk,Genderqueer,108.44.231.156
82,Braden,Lewsley,blewsley29@tinypic.com,Non-binary,58.54.87.88
83,Rachelle,Alenin,ralenin2a@mit.edu,Female,232.242.122.44
84,Jocelin,Howchin,jhowchin2b@joomla.org,Genderfluid,174.150.111.191
85,Fletch,Cajkler,fcajkler2c@mapquest.com,Bigender,240.192.123.152
86,Miranda,Vears,mvears2d@tamu.edu,Genderfluid,110.186.83.24
87,Abie,Rasper,arasper2e@yahoo.co.jp,Genderfluid,239.93.147.68
88,Kendal,Bertl,kbertl2f@plala.or.jp,Agender,24.105.46.83
89,Sherline,Mousdall,smousdall2g@army.mil,Female,23.46.92.162
90,Dalt,Ivanov,divanov2h@hibu.com,Female,239.137.64.166
91,Ruperta,Prati,rprati2i@qq.com,Male,42.113.32.163
92,Shannon,Hain,shain2j@jiathis.com,Polygender,215.36.222.91
93,Lanita,Brito,lbrito2k@google.co.jp,Agender,72.1.132.183
94,Alverta,Kingaby,akingaby2l@ustream.tv,Genderfluid,57.10.116.86
95,Cinnamon,Yardy,cyardy2m@nbcnews.com,Genderfluid,161.155.104.166
96,Yvonne,Balharry,ybalharry2n@eepurl.com,Female,22.198.6.67
97,Saleem,Vallentin,svallentin2o@indiegogo.com,Genderqueer,146.52.216.41
98,Michaeline,Faier,mfaier2p@tripadvisor.com,Non-binary,62.194.154.189
99,Lorianne,Marrow,lmarrow2q@jalbum.net,Bigender,56.148.34.180
100,Reinald,Peedell,rpeedell2r@gravatar.com,Genderqueer,15.169.141.60
101,Carole,Rothermel,crothermel2s@ibm.com,Male,171.89.223.224
102,Danette,Davidzon,ddavidzon2t@bravesites.com,Polygender,105.1.54.92
103,Hannie,Norcop,hnorcop2u@toplist.cz,Female,65.41.185.250
104,Kikelia,MacGiolla,kmacgiolla2v@ehow.com,Non-binary,74.191.220.213
105,Petunia,Albers,palbers2w@angelfire.com,Genderfluid,223.232.204.242
106,Ferrell,Corking,fcorking2x@miibeian.gov.cn,Male,17.7.200.109
107,Rosabella,Guerrin,rguerrin2y@blogspot.com,Polygender,218.107.95.106
108,Mirabella,Byrkmyr,mbyrkmyr2z@usnews.com,Agender,235.24.139.230
109,Kyla,Haithwaite,khaithwaite30@purevolume.com,Non-binary,218.174.14.202
110,Donny,Labat,dlabat31@homestead.com,Bigender,63.67.188.172
111,Chandler,Maruska,cmaruska32@opera.com,Male,108.19.85.220
112,Val,Heathorn,vheathorn33@1und1.de,Non-binary,200.46.25.127
113,Cathy,Meachem,cmeachem34@biblegateway.com,Bigender,73.199.16.104
114,Christoffer,Wasteney,cwasteney35@imdb.com,Genderfluid,53.251.83.44
115,Lauren,Todd,ltodd36@g.co,Non-binary,16.148.217.179
116,Corine,Smuth,csmuth37@dion.ne.jp,Genderqueer,6.19.137.155
117,Kittie,Houlaghan,khoulaghan38@360.cn,Agender,100.158.161.247
118,Torrin,Binnell,tbinnell39@mit.edu,Genderfluid,53.146.254.91
119,Johnna,Sleeny,jsleeny3a@godaddy.com,Non-binary,37.239.92.56
120,Rochelle,McLukie,rmclukie3b@pen.io,Agender,60.206.232.150
121,Jojo,Ivain,jivain3c@discuz.net,Genderqueer,218.162.36.54
122,Luz,Hadwin,lhadwin3d@yahoo.co.jp,Genderqueer,64.109.181.47
123,Mattias,Viant,mviant3e@princeton.edu,Male,98.10.59.185
124,Vasili,Fredson,vfredson3f@lycos.com,Genderqueer,32.104.84.5
125,Harli,Wolstenholme,hwolstenholme3g@yellowpages.com,Male,244.223.227.87
126,Lura,Casajuana,lcasajuana3h@cafepress.com,Agender,73.221.135.209
127,Norah,Biermatowicz,nbiermatowicz3i@wikispaces.com,Female,145.93.215.91
128,Bobbee,Bryce,bbryce3j@bigcartel.com,Female,100.126.162.16
129,Harli,Phillcox,hphillcox3k@ning.com,Non-binary,125.106.220.28
130,Bianka,Craythorn,bcraythorn3l@t.co,Female,156.78.66.145
131,Broddie,Lowres,blowres3m@tinyurl.com,Female,226.129.3.204
132,Brenna,Brew,bbrew3n@cornell.edu,Male,168.52.80.231
133,Artair,Matczak,amatczak3o@tumblr.com,Male,15.209.178.164
134,Eleanora,Mouncher,emouncher3p@skype.com,Bigender,122.91.250.27
135,Juli,Walne,jwalne3q@artisteer.com,Male,10.38.57.22
136,Valeria,Coolson,vcoolson3r@vimeo.com,Agender,239.17.105.118
137,Randal,Brixey,rbrixey3s@pen.io,Polygender,26.62.58.189
138,Carmelia,Phillips,cphillips3t@simplemachines.org,Genderfluid,44.255.132.157
139,Edward,Sabate,esabate3u@vimeo.com,Bigender,160.107.6.134
140,Delcine,Peniello,dpeniello3v@aboutads.info,Male,100.197.42.244
141,Nathalie,Silman,nsilman3w@barnesandnoble.com,Genderfluid,223.112.155.33
142,Andree,Deboy,adeboy3x@google.com.au,Male,0.214.140.186
143,Beau,Duffree,bduffree3y@tripod.com,Polygender,113.164.163.184
144,Loella,McPhaden,lmcphaden3z@icq.com,Genderqueer,60.113.142.163
145,Erminie,Dodle,edodle40@state.tx.us,Non-binary,105.214.103.218
146,Sergei,Lively,slively41@list-manage.com,Female,61.167.149.27
147,Aindrea,Duffus,aduffus42@chicagotribune.com,Genderqueer,8.180.191.85
148,Sabine,Schwandner,sschwandner43@jugem.jp,Genderqueer,227.45.81.209
149,Gaspard,Batterham,gbatterham44@google.pl,Male,17.155.120.9
150,Felipa,Lothlorien,flothlorien45@icio.us,Non-binary,60.133.41.24
151,Rebbecca,Fedorchenko,rfedorchenko46@e-recht24.de,Genderfluid,174.113.22.6
152,Tobe,Bunner,tbunner47@princeton.edu,Agender,7.2.62.173
153,Bernarr,Ecclesall,becclesall48@harvard.edu,Genderfluid,50.162.230.61
154,Gladys,Acum,gacum49@wikia.com,Male,32.201.140.88
155,Ruttger,Kesten,rkesten4a@goo.gl,Polygender,10.75.3.31
156,Whitaker,Lindsley,wlindsley4b@jiathis.com,Polygender,154.249.184.136
157,Em,Zoanetti,ezoanetti4c@github.com,Agender,43.214.78.153
158,Cristen,Bransden,cbransden4d@abc.net.au,Agender,33.246.4.42
159,Dmitri,Redmain,dredmain4e@google.co.jp,Non-binary,219.32.52.126
160,Onofredo,Malloch,omalloch4f@geocities.com,Non-binary,74.21.109.254
161,Pamela,Olander,polander4g@gmpg.org,Female,193.16.51.199
162,Tammi,Ca,tca4h@cdbaby.com,Female,77.93.208.205
163,Merrie,Spellacey,mspellacey4i@dell.com,Genderqueer,102.190.48.42
164,Dania,Enoksson,denoksson4j@studiopress.com,Male,90.24.178.157
165,Farris,Hothersall,fhothersall4k@springer.com,Genderqueer,11.200.33.60
166,Niles,De Gogay,ndegogay4l@imgur.com,Genderfluid,247.76.215.47
167,Wells,Le Barre,wlebarre4m@huffingtonpost.com,Genderqueer,165.207.48.157
168,Margaret,Gooderick,mgooderick4n@artisteer.com,Agender,99.9.122.212
169,Clarey,Thunderchief,cthunderchief4o@hud.gov,Bigender,245.20.19.171
170,Rolando,Timoney,rtimoney4p@technorati.com,Polygender,245.26.198.214
171,Mischa,Clilverd,mclilverd4q@unicef.org,Polygender,192.70.120.212
172,Inessa,Colkett,icolkett4r@cargocollective.com,Genderfluid,18.93.230.238
173,Bengt,Elderkin,belderkin4s@reddit.com,Genderqueer,56.20.105.221
174,Sean,Tatterton,statterton4t@mysql.com,Polygender,172.250.129.241
175,Idalia,Neeves,ineeves4u@pagesperso-orange.fr,Male,97.177.123.64
176,Wren,McCaughran,wmccaughran4v@ucla.edu,Genderfluid,205.112.30.227
177,Martita,Micklem,mmicklem4w@dyndns.org,Non-binary,241.141.211.150
178,Lorens,Bullivent,lbullivent4x@rediff.com,Polygender,93.235.139.56
179,Rycca,Adamec,radamec4y@prnewswire.com,Non-binary,186.98.119.116
180,Serene,Paragreen,sparagreen4z@github.io,Genderfluid,210.217.253.135
181,Gwenore,Abbotts,gabbotts50@businesswire.com,Genderqueer,186.43.243.167
182,Noel,Ivasechko,nivasechko51@sakura.ne.jp,Polygender,247.182.122.129
183,Agneta,Boylan,aboylan52@posterous.com,Genderqueer,207.68.182.233
184,Bearnard,Cianni,bcianni53@jiathis.com,Non-binary,217.58.226.96
185,Cathie,Pickerill,cpickerill54@auda.org.au,Genderfluid,49.57.4.88
186,Jess,Farren,jfarren55@surveymonkey.com,Polygender,144.122.44.198
187,Shaylyn,Wickham,swickham56@apple.com,Genderfluid,227.167.251.68
188,Homere,Pinniger,hpinniger57@blinklist.com,Non-binary,246.77.98.92
189,Ruggiero,Scrivinor,rscrivinor58@dion.ne.jp,Non-binary,203.68.188.232
190,Celisse,Toman,ctoman59@goo.ne.jp,Male,214.222.79.68
191,Brodie,Simmans,bsimmans5a@t.co,Polygender,159.41.115.41
192,Josee,Bolter,jbolter5b@wufoo.com,Genderfluid,187.52.244.110
193,Emerson,Cromack,ecromack5c@unblog.fr,Non-binary,41.175.76.58
194,Hermon,Labrow,hlabrow5d@techcrunch.com,Bigender,85.97.22.198
195,Fulton,Lavallin,flavallin5e@salon.com,Non-binary,174.49.105.172
196,Lindy,Bothen,lbothen5f@telegraph.co.uk,Genderqueer,183.220.250.8
197,Cecilla,Frier,cfrier5g@sakura.ne.jp,Genderfluid,214.56.87.186
198,Jania,Keyser,jkeyser5h@t-online.de,Genderfluid,65.70.27.19
199,Sandy,Lope,slope5i@phpbb.com,Non-binary,210.189.101.145
200,Antonino,Ilymanov,ailymanov5j@unesco.org,Non-binary,130.143.111.96
201,Carolin,Casone,ccasone5k@state.gov,Non-binary,38.42.89.118
202,Guendolen,Rivel,grivel5l@biglobe.ne.jp,Genderfluid,135.80.23.76
203,Lois,Itzhayek,litzhayek5m@weebly.com,Genderfluid,181.220.43.28
204,Shadow,Chatfield,schatfield5n@hc360.com,Non-binary,238.150.173.147
205,Buddy,Derbyshire,bderbyshire5o@imgur.com,Genderfluid,53.218.242.44
206,Wynny,Oldridge,woldridge5p@shareasale.com,Genderqueer,31.34.167.25
207,Malinda,Ruusa,mruusa5q@aboutads.info,Bigender,171.240.203.179
208,Noami,Flanagan,nflanagan5r@bbc.co.uk,Genderqueer,185.172.102.100
209,Valene,O'Hartigan,vohartigan5s@godaddy.com,Male,69.22.194.187
210,Susanna,Hackwell,shackwell5t@seattletimes.com,Agender,117.13.97.99
211,Karie,McWilliam,kmcwilliam5u@freewebs.com,Genderfluid,77.237.101.25
212,Ianthe,Perdue,iperdue5v@fastcompany.com,Genderqueer,131.94.122.33
213,Elena,Hazlehurst,ehazlehurst5w@thetimes.co.uk,Male,42.129.179.51
214,Tracie,Eyckelbeck,teyckelbeck5x@msu.edu,Genderqueer,69.165.169.201
215,Leah,Greengrass,lgreengrass5y@liveinternet.ru,Genderqueer,137.47.229.47
216,Massimiliano,Kermit,mkermit5z@bing.com,Polygender,114.205.52.30
217,Stillman,Friar,sfriar60@bluehost.com,Genderfluid,245.153.159.236
218,Ignacius,Bower,ibower61@reddit.com,Genderqueer,114.9.146.172
219,Gearalt,Morican,gmorican62@mediafire.com,Female,91.198.28.100
220,Janeta,Aronov,jaronov63@state.tx.us,Genderfluid,223.1.26.104
221,Currey,Heyns,cheyns64@issuu.com,Female,206.115.30.48
222,Kelby,Hamshaw,khamshaw65@nyu.edu,Bigender,17.141.21.228
223,Marijn,Mannie,mmannie66@shutterfly.com,Agender,140.166.193.210
224,Crysta,Baggett,cbaggett67@archive.org,Male,109.77.65.149
225,Lockwood,Gamwell,lgamwell68@hhs.gov,Female,116.221.225.100
226,Barbra,Rapper,brapper69@bbb.org,Genderfluid,226.119.112.162
227,Lek,Starmore,lstarmore6a@buzzfeed.com,Genderfluid,164.147.51.254
228,Terra,Pershouse,tpershouse6b@jiathis.com,Polygender,50.167.222.44
229,Dolley,Jacquemot,djacquemot6c@hexun.com,Female,64.126.150.2
230,Barnett,Longthorne,blongthorne6d@edublogs.org,Male,111.232.83.182
231,Mandel,Tuffley,mtuffley6e@angelfire.com,Genderfluid,184.47.101.246
232,Edyth,Truder,etruder6f@surveymonkey.com,Female,207.151.39.32
233,Kamilah,Looker,klooker6g@blogspot.com,Bigender,162.61.204.6
234,Georgette,Wank,gwank6h@patch.com,Genderfluid,234.98.139.164
235,Marissa,Fairburne,mfairburne6i@si.edu,Agender,198.86.205.10
236,Rodger,Gateley,rgateley6j@geocities.com,Agender,82.219.34.135
237,Cheston,Woodyeare,cwoodyeare6k@senate.gov,Agender,88.184.244.176
238,Jocelyne,Stuer,jstuer6l@princeton.edu,Non-binary,229.101.99.188
239,Onfre,Bunford,obunford6m@behance.net,Agender,162.193.30.72
240,Kalil,Morecomb,kmorecomb6n@boston.com,Bigender,102.139.191.219
241,Hasty,Roadnight,hroadnight6o@tinyurl.com,Bigender,164.98.250.196
242,Mirna,Tureville,mtureville6p@upenn.edu,Non-binary,52.209.97.182
243,Yelena,Rothwell,yrothwell6q@google.com.hk,Bigender,60.46.158.149
244,Jennine,Wickey,jwickey6r@zimbio.com,Male,78.114.188.152
245,Giulio,Rayner,grayner6s@nba.com,Genderfluid,221.19.217.18
246,Flss,Rosone,frosone6t@ow.ly,Female,109.33.93.17
247,Darci,Canning,dcanning6u@youtu.be,Genderqueer,174.22.184.171
248,Levey,Ismail,lismail6v@ucla.edu,Agender,140.151.109.60
249,Renata,Hobble,rhobble6w@mit.edu,Male,184.166.34.87
250,Lizzy,Berzin,lberzin6x@ezinearticles.com,Agender,167.8.131.171
251,Becki,Kremer,bkremer6y@google.com.au,Polygender,243.151.8.16
252,Jean,Pendlebury,jpendlebury6z@wsj.com,Bigender,173.187.148.118
253,Cynthie,Dibdale,cdibdale70@gov.uk,Bigender,184.225.224.4
254,Dale,Strutton,dstrutton71@wisc.edu,Bigender,54.133.124.108
255,Siegfried,Duddin,sduddin72@hibu.com,Bigender,101.97.97.131
256,Arleta,Tennock,atennock73@boston.com,Male,186.208.252.178
257,Orelia,Poytress,opoytress74@canalblog.com,Bigender,180.225.236.54
258,Rutherford,Blumson,rblumson75@tiny.cc,Agender,255.178.64.126
259,Celle,Girke,cgirke76@imgur.com,Genderqueer,67.84.150.248
260,Bartholomeo,Baytrop,bbaytrop77@phoca.cz,Genderfluid,91.57.74.110
261,Ilaire,Trosdall,itrosdall78@twitter.com,Female,38.224.145.66
262,Martynne,Ryce,mryce79@ebay.com,Polygender,161.41.199.29
263,Yank,O' Hern,yohern7a@ucsd.edu,Genderqueer,128.147.73.252
264,Gillie,Gudge,ggudge7b@geocities.jp,Polygender,229.105.7.235
265,Johna,Owenson,jowenson7c@wikispaces.com,Non-binary,231.164.95.36
266,Etti,Redmell,eredmell7d@newyorker.com,Male,190.4.49.63
267,Larina,Malyon,lmalyon7e@fda.gov,Bigender,7.251.173.115
268,Sella,Morgue,smorgue7f@prnewswire.com,Female,12.196.46.254
269,Paulina,Whanstall,pwhanstall7g@qq.com,Genderqueer,128.31.129.127
270,Tripp,Powell,tpowell7h@admin.ch,Polygender,208.252.214.240
271,Marianna,Plumptre,mplumptre7i@hubpages.com,Female,73.58.197.73
272,Muire,Raw,mraw7j@addtoany.com,Agender,124.81.157.96
273,Mehetabel,Scattergood,mscattergood7k@irs.gov,Genderfluid,249.112.36.234
274,Mortie,Hovel,mhovel7l@prlog.org,Non-binary,239.51.40.181
275,Oralla,D'orsay,odorsay7m@forbes.com,Agender,236.69.211.49
276,Maria,Iglesia,miglesia7n@yahoo.com,Non-binary,53.41.237.97
277,Euphemia,MacArdle,emacardle7o@slideshare.net,Female,16.62.176.28
278,Katerina,Duffet,kduffet7p@oaic.gov.au,Female,126.189.156.177
279,Auguste,Felton,afelton7q@mapy.cz,Polygender,64.113.154.254
280,Cyrille,Skitral,cskitral7r@sciencedirect.com,Bigender,6.173.39.57
281,Chrisse,Fleg,cfleg7s@sakura.ne.jp,Non-binary,31.129.159.151
282,Neil,Venn,nvenn7t@bandcamp.com,Agender,21.239.157.100
283,Willi,Karpenko,wkarpenko7u@sbwire.com,Bigender,157.8.188.19
284,Chico,Smoote,csmoote7v@bizjournals.com,Agender,147.53.25.242
285,Lanni,Carter,lcarter7w@usgs.gov,Polygender,56.201.56.39
286,Giulietta,Shewery,gshewery7x@cbslocal.com,Genderfluid,225.170.190.234
287,Nappy,Coppock.,ncoppock7y@latimes.com,Male,237.154.122.104
288,Johannah,Blucher,jblucher7z@blog.com,Genderfluid,32.94.221.26
289,Percy,Pinckney,ppinckney80@netlog.com,Male,14.202.42.254
290,Isabeau,Dowda,idowda81@rediff.com,Female,111.249.227.230
291,Reed,Gorhardt,rgorhardt82@technorati.com,Polygender,221.66.148.209
292,Hestia,Livock,hlivock83@printfriendly.com,Polygender,241.85.147.230
293,Thorndike,Alliker,talliker84@nih.gov,Agender,17.240.221.124
294,Cyrille,Doughartie,cdoughartie85@biblegateway.com,Male,206.42.78.195
295,Alikee,Danby,adanby86@imgur.com,Non-binary,226.52.92.190
296,Lewes,Skelcher,lskelcher87@bing.com,Male,133.96.40.141
297,Nobe,Hawsby,nhawsby88@csmonitor.com,Agender,81.208.101.188
298,Danyette,Dominka,ddominka89@skype.com,Polygender,98.52.28.24
299,Bobinette,Duffill,bduffill8a@apple.com,Agender,189.163.26.13
300,Karalynn,Smithers,ksmithers8b@blinklist.com,Bigender,202.214.48.94
301,Ilse,Hassen,ihassen8c@mediafire.com,Bigender,68.37.148.169
302,Wald,Krikorian,wkrikorian8d@unblog.fr,Male,24.167.157.103
303,Sherilyn,Vallery,svallery8e@barnesandnoble.com,Genderqueer,174.244.216.248
304,Tobias,Champniss,tchampniss8f@amazon.com,Genderfluid,0.120.19.126
305,Tito,Petit,tpetit8g@booking.com,Polygender,156.199.241.128
306,Barri,Lloyd,blloyd8h@ibm.com,Genderqueer,16.33.16.243
307,Stanislas,McLaughlan,smclaughlan8i@state.tx.us,Female,175.60.51.82
308,Brewer,Darrigone,bdarrigone8j@imdb.com,Agender,87.155.187.72
309,Janis,Cuerdale,jcuerdale8k@geocities.jp,Non-binary,30.88.87.178
310,Gill,Caustick,gcaustick8l@google.co.jp,Bigender,191.100.169.246
311,Arlette,Maykin,amaykin8m@squarespace.com,Polygender,161.39.0.92
312,Zea,Dissman,zdissman8n@sciencedirect.com,Genderqueer,49.196.144.224
313,Jabez,Haquard,jhaquard8o@mail.ru,Genderqueer,38.98.77.107
314,Louisette,McCambrois,lmccambrois8p@fotki.com,Genderfluid,54.194.74.242
315,Ann-marie,Smalecombe,asmalecombe8q@soundcloud.com,Male,236.98.94.119
316,Tobe,Molnar,tmolnar8r@prlog.org,Genderqueer,244.236.5.211
317,Tye,Cornels,tcornels8s@slate.com,Genderfluid,66.206.112.211
318,Jasen,Cottham,jcottham8t@bluehost.com,Bigender,228.30.20.4
319,Vivien,Windham,vwindham8u@thetimes.co.uk,Genderqueer,225.162.251.54
320,Niven,Cicculi,ncicculi8v@sourceforge.net,Agender,164.95.161.14
321,Shannon,Fidilis,sfidilis8w@hhs.gov,Male,145.132.89.175
322,Flinn,Lyptrade,flyptrade8x@ucoz.ru,Genderqueer,66.69.157.16
323,Stefania,Vint,svint8y@cmu.edu,Polygender,4.127.42.112
324,Amitie,Simecek,asimecek8z@amazon.co.uk,Genderqueer,44.216.11.207
325,Vassily,Raittie,vraittie90@phoca.cz,Male,59.21.46.157
326,Gabbi,Gero,ggero91@mayoclinic.com,Agender,33.119.247.114
327,Averyl,Climpson,aclimpson92@bbb.org,Male,3.39.68.170
328,Quincey,De'Ath,qdeath93@biblegateway.com,Male,13.215.2.73
329,Devon,Blatherwick,dblatherwick94@dmoz.org,Agender,75.192.167.172
330,Christean,Yeo,cyeo95@cmu.edu,Agender,70.6.5.230
331,Elane,Onions,eonions96@xing.com,Agender,158.104.214.120
332,Carlye,Lillico,clillico97@fastcompany.com,Bigender,86.182.23.208
333,Dorena,Reskelly,dreskelly98@miitbeian.gov.cn,Genderfluid,39.63.231.5
334,Derron,Pulbrook,dpulbrook99@harvard.edu,Female,69.160.44.183
335,Sibel,McGilleghole,smcgilleghole9a@si.edu,Male,124.64.104.221
336,Eachelle,Crinion,ecrinion9b@google.com,Agender,33.86.30.244
337,Milena,Morse,mmorse9c@delicious.com,Genderqueer,199.119.148.165
338,Antony,Mutlow,amutlow9d@earthlink.net,Male,176.34.85.108
339,Durand,Balsillie,dbalsillie9e@feedburner.com,Male,216.143.40.118
340,Tove,Butland,tbutland9f@google.co.jp,Polygender,237.229.58.68
341,Willy,Pettersen,wpettersen9g@bloomberg.com,Bigender,118.208.113.158
342,Filmore,Stacy,fstacy9h@washington.edu,Bigender,62.145.237.11
343,Beret,Benedek,bbenedek9i@usda.gov,Agender,184.43.0.182
344,Mora,Boolsen,mboolsen9j@hp.com,Bigender,115.89.32.43
345,Elbertina,Hariot,ehariot9k@issuu.com,Agender,123.255.209.144
346,Erminia,Titt,etitt9l@technorati.com,Agender,95.136.47.185
347,Claire,Clubb,cclubb9m@indiatimes.com,Genderfluid,49.31.48.229
348,Edgard,Wahncke,ewahncke9n@vimeo.com,Polygender,11.64.220.179
349,Val,Francino,vfrancino9o@yellowpages.com,Polygender,140.89.249.3
350,Tedi,Yakovlev,tyakovlev9p@theatlantic.com,Polygender,7.136.40.208
351,Decca,Hembery,dhembery9q@artisteer.com,Bigender,19.149.72.214
352,Angus,Gerrard,agerrard9r@springer.com,Polygender,28.159.0.100
353,Gerhard,Jochanany,gjochanany9s@forbes.com,Non-binary,186.52.119.167
354,Hatti,Fadian,hfadian9t@networkadvertising.org,Bigender,28.231.186.141
355,Ezechiel,Gourley,egourley9u@fc2.com,Non-binary,197.119.201.239
356,Gwendolin,Bernardoni,gbernardoni9v@goodreads.com,Female,160.156.148.72
357,Mohandis,Izaac,mizaac9w@mediafire.com,Genderfluid,39.138.248.253
358,Fidelio,Wohler,fwohler9x@dell.com,Genderfluid,202.5.148.209
359,Duky,Bury,dbury9y@blinklist.com,Genderfluid,134.231.107.95
360,Fan,Bullick,fbullick9z@blogs.com,Bigender,17.170.146.210
361,Sherie,Creighton,screightona0@sbwire.com,Bigender,181.247.2.76
362,Cliff,Gawthorp,cgawthorpa1@posterous.com,Female,39.216.76.98
363,Aidan,Guterson,agutersona2@ebay.com,Non-binary,162.97.142.124
364,Novelia,Tapley,ntapleya3@economist.com,Genderqueer,125.222.95.12
365,Harrietta,Grodden,hgroddena4@mail.ru,Agender,147.79.202.170
366,Brade,Kairns,bkairnsa5@harvard.edu,Polygender,241.122.209.44
367,Dani,Klezmski,dklezmskia6@youku.com,Bigender,178.214.101.124
368,Way,Wolfers,wwolfersa7@pen.io,Agender,183.117.103.1
369,Hillard,Tanzer,htanzera8@disqus.com,Genderfluid,10.199.206.122
370,Hendrick,Cosslett,hcossletta9@imageshack.us,Genderfluid,91.200.195.137
371,Joell,Huett,jhuettaa@who.int,Agender,150.206.133.76
372,Franky,Scambler,fscamblerab@networkadvertising.org,Polygender,68.143.195.15
373,Othilie,Henighan,ohenighanac@sakura.ne.jp,Non-binary,210.153.172.147
374,Bil,O' Reagan,boreaganad@webs.com,Female,168.217.197.189
375,Reamonn,Wickett,rwickettae@geocities.jp,Genderfluid,115.59.238.147
376,Annie,Diggar,adiggaraf@ox.ac.uk,Female,93.239.123.130
377,Dorise,Rodie,drodieag@spiegel.de,Genderqueer,88.177.206.220
378,Bridget,Farnell,bfarnellah@360.cn,Genderqueer,194.210.113.3
379,Tan,Blackborough,tblackboroughai@google.ru,Bigender,247.46.127.178
380,Sally,Mackilpatrick,smackilpatrickaj@google.com,Female,2.78.133.145
381,Micheal,Goodlatt,mgoodlattak@smh.com.au,Bigender,150.232.23.87
382,Betteann,Ginner,bginneral@webeden.co.uk,Genderqueer,97.117.135.106
383,Klement,Dog,kdogam@wp.com,Non-binary,64.31.211.182
384,Adora,Elven,aelvenan@hexun.com,Female,46.249.249.54
385,Christophe,Scrammage,cscrammageao@usda.gov,Genderfluid,221.190.0.44
386,Augie,Given,agivenap@parallels.com,Genderqueer,82.217.186.99
387,Donetta,Growcott,dgrowcottaq@mashable.com,Agender,197.72.108.106
388,Mano,Fontel,mfontelar@naver.com,Non-binary,91.46.191.235
389,Valerye,Oxteby,voxtebyas@mail.ru,Bigender,249.70.199.250
390,Ebenezer,Suter,esuterat@shutterfly.com,Polygender,38.63.177.222
391,Patience,Seemmonds,pseemmondsau@prnewswire.com,Agender,207.94.44.6
392,Eudora,Towse,etowseav@toplist.cz,Polygender,168.147.108.250
393,Cos,Bonnin,cbonninaw@sbwire.com,Genderfluid,123.161.96.103
394,Keefer,Yarwood,kyarwoodax@noaa.gov,Genderfluid,103.78.6.17
395,Joelly,Sturzaker,jsturzakeray@ezinearticles.com,Bigender,161.216.78.202
396,Kristy,Bellanger,kbellangeraz@npr.org,Non-binary,14.229.151.103
397,Rutledge,Isacsson,risacssonb0@fc2.com,Male,32.34.106.26
398,Edin,Girhard,egirhardb1@sohu.com,Agender,166.8.112.114
399,Saul,Yashanov,syashanovb2@technorati.com,Bigender,88.15.70.173
400,Leisha,Curror,lcurrorb3@friendfeed.com,Polygender,242.226.93.233
401,Thain,Lethem,tlethemb4@google.com,Male,215.245.105.66
402,Natasha,Fass,nfassb5@seattletimes.com,Female,98.182.65.234
403,Conchita,Beaby,cbeabyb6@arizona.edu,Female,220.248.44.196
404,Jeanine,Bodill,jbodillb7@zimbio.com,Bigender,164.142.125.140
405,Claudianus,Middlemiss,cmiddlemissb8@blogtalkradio.com,Non-binary,132.194.165.34
406,Ardath,McAtamney,amcatamneyb9@cnn.com,Agender,118.179.74.152
407,Wendi,Tremayle,wtremayleba@shinystat.com,Polygender,229.144.33.36
408,Bird,Alps,balpsbb@jimdo.com,Agender,249.123.250.67
409,Chelsey,Pothecary,cpothecarybc@auda.org.au,Female,211.251.112.111
410,Orazio,Zorzin,ozorzinbd@clickbank.net,Genderfluid,246.189.171.63
411,Anatol,Praundlin,apraundlinbe@google.com.hk,Genderfluid,161.158.177.100
412,Webb,Dommett,wdommettbf@paginegialle.it,Genderqueer,144.29.109.208
413,Ardith,Mains,amainsbg@de.vu,Bigender,235.115.224.94
414,Price,Priter,ppriterbh@mozilla.org,Male,225.152.199.240
415,Zelma,Bertholin,zbertholinbi@europa.eu,Genderfluid,249.227.216.240
416,Kerwinn,Swait,kswaitbj@google.it,Male,129.246.35.212
417,Markos,Leeman,mleemanbk@smh.com.au,Non-binary,123.84.64.181
418,Nixie,McAlindon,nmcalindonbl@ftc.gov,Genderfluid,59.175.88.127
419,Floria,D'Elia,fdeliabm@comcast.net,Genderfluid,153.65.168.151
420,Jessey,Redmore,jredmorebn@yellowbook.com,Genderfluid,230.204.84.161
421,Arty,Wasbrough,awasbroughbo@economist.com,Genderfluid,38.30.174.0
422,Hortense,Neaverson,hneaversonbp@ucsd.edu,Female,221.246.239.112
423,Gardener,Kulicke,gkulickebq@google.co.uk,Female,144.102.51.187
424,Bridie,Vickers,bvickersbr@goodreads.com,Genderfluid,143.214.133.241
425,Winfred,O'Monahan,womonahanbs@tinypic.com,Female,184.66.26.115
426,Marianna,Minshaw,mminshawbt@sfgate.com,Non-binary,113.87.241.15
427,Pattin,Penreth,ppenrethbu@wiley.com,Genderfluid,239.134.244.43
428,Steffen,Pasmore,spasmorebv@tinyurl.com,Bigender,72.82.38.244
429,Craig,Ryce,crycebw@weebly.com,Genderfluid,144.168.109.243
430,Gustavus,Gartshore,ggartshorebx@wikispaces.com,Polygender,105.227.206.190
431,Johnnie,Libbie,jlibbieby@go.com,Agender,20.250.114.38
432,Terri,Cleife,tcleifebz@eventbrite.com,Male,229.198.187.98
433,Neddie,Ogilvy,nogilvyc0@tumblr.com,Genderqueer,249.24.171.23
434,Orazio,Rawstron,orawstronc1@clickbank.net,Polygender,51.102.234.136
435,Yetta,Caddell,ycaddellc2@imgur.com,Non-binary,174.60.195.236
436,Edouard,Lightowler,elightowlerc3@list-manage.com,Male,126.237.161.76
437,Marianne,Fransseni,mfranssenic4@webnode.com,Genderfluid,50.138.18.18
438,Chaddy,Rothchild,crothchildc5@amazon.co.jp,Agender,45.54.143.206
439,Chrissie,Deverock,cdeverockc6@cdc.gov,Genderqueer,245.172.55.21
440,Nadeen,Adlard,nadlardc7@netlog.com,Non-binary,49.32.229.26
441,Nari,Hawkslee,nhawksleec8@berkeley.edu,Genderfluid,180.77.50.103
442,Dyanna,Goulden,dgouldenc9@slate.com,Agender,194.158.225.1
443,Rania,Beamiss,rbeamissca@businessweek.com,Genderfluid,63.85.80.124
444,Puff,Froome,pfroomecb@who.int,Non-binary,141.16.243.56
445,Margie,Treffrey,mtreffreycc@java.com,Polygender,47.104.159.6
446,Gaile,Lukacs,glukacscd@cdc.gov,Genderqueer,180.201.98.229
447,Randolph,Jaquest,rjaquestce@tinyurl.com,Agender,168.40.71.6
448,Codie,Bernardon,cbernardoncf@globo.com,Bigender,250.178.228.248
449,Minny,Gann,mganncg@ezinearticles.com,Agender,105.207.0.235
450,Luciano,Pocklington,lpocklingtonch@usda.gov,Genderfluid,210.163.23.157
451,Trudi,Botte,tbotteci@ucsd.edu,Female,9.113.52.143
452,Ranice,Davet,rdavetcj@networkadvertising.org,Male,191.179.151.229
453,Robb,Pohls,rpohlsck@webs.com,Female,127.84.14.123
454,Phylys,Burdon,pburdoncl@disqus.com,Agender,106.58.242.188
455,Mark,Sooley,msooleycm@sina.com.cn,Bigender,220.79.58.88
456,Reed,Witherdon,rwitherdoncn@last.fm,Polygender,25.219.237.250
457,Lacee,Fernez,lfernezco@rediff.com,Bigender,78.208.18.160
458,Quinlan,Davitashvili,qdavitashvilicp@howstuffworks.com,Polygender,189.165.167.55
459,Ranique,Akker,rakkercq@prnewswire.com,Agender,201.157.231.38
460,Worden,Troni,wtronicr@dot.gov,Bigender,24.77.177.108
461,Sherrie,Davitashvili,sdavitashvilics@ifeng.com,Bigender,112.110.238.52
462,Clayton,MacDirmid,cmacdirmidct@cdbaby.com,Female,43.62.136.83
463,Cosimo,Tothacot,ctothacotcu@sakura.ne.jp,Agender,120.136.146.252
464,Culley,Sainer,csainercv@addthis.com,Agender,149.72.117.184
465,Lynette,Litchfield,llitchfieldcw@posterous.com,Male,148.94.127.255
466,Henry,Hansana,hhansanacx@ed.gov,Genderfluid,150.7.102.175
467,Court,Ling,clingcy@a8.net,Female,7.125.188.221
468,Ginnie,Hallbord,ghallbordcz@statcounter.com,Genderqueer,186.198.105.188
469,Cam,Vequaud,cvequaudd0@miibeian.gov.cn,Genderfluid,17.153.109.194
470,Kath,Bosworth,kbosworthd1@feedburner.com,Polygender,158.186.133.204
471,Gloria,Kirk,gkirkd2@moonfruit.com,Female,58.66.47.51
472,Aindrea,Midgley,amidgleyd3@odnoklassniki.ru,Agender,2.100.114.16
473,Wyndham,Hulk,whulkd4@wikia.com,Male,253.145.233.57
474,Brittney,Tivolier,btivolierd5@google.it,Genderfluid,228.9.180.24
475,Riki,Lethem,rlethemd6@tinypic.com,Genderfluid,33.126.104.23
476,Ad,Monroe,amonroed7@telegraph.co.uk,Male,240.154.67.83
477,Josi,Dodding,jdoddingd8@ca.gov,Genderqueer,136.67.97.102
478,Analise,Brinklow,abrinklowd9@jiathis.com,Genderqueer,27.89.36.68
479,Kalindi,Sine,ksineda@twitter.com,Polygender,161.56.115.132
480,Salli,Teresse,steressedb@ft.com,Polygender,51.151.10.122
481,Deanna,Jest,djestdc@exblog.jp,Polygender,147.131.230.214
482,Glory,Cottem,gcottemdd@cargocollective.com,Genderfluid,167.211.136.145
483,Hilario,Test,htestde@mit.edu,Genderqueer,120.0.135.50
484,Nara,Varley,nvarleydf@upenn.edu,Non-binary,136.78.152.213
485,Lissie,Ibotson,libotsondg@people.com.cn,Genderfluid,141.89.17.29
486,Alix,Kinvan,akinvandh@msn.com,Genderfluid,177.178.164.164
487,Loretta,McGarva,lmcgarvadi@elegantthemes.com,Genderfluid,111.249.93.248
488,Claudian,Petracci,cpetraccidj@delicious.com,Bigender,111.252.105.23
489,Morena,Klimko,mklimkodk@flickr.com,Genderqueer,28.37.27.90
490,Shepherd,Silson,ssilsondl@unc.edu,Genderqueer,184.245.42.165
491,Stefan,Danslow,sdanslowdm@constantcontact.com,Agender,134.39.94.146
492,Rancell,Dufton,rduftondn@scribd.com,Non-binary,72.178.70.45
493,Wileen,Leatham,wleathamdo@cloudflare.com,Polygender,221.228.104.1
494,Hobard,Rankling,hranklingdp@nyu.edu,Agender,125.200.139.176
495,Paquito,Piken,ppikendq@narod.ru,Male,54.138.122.19
496,Jimmie,Kinton,jkintondr@ca.gov,Bigender,193.209.97.187
497,Jilly,Choake,jchoakeds@seattletimes.com,Genderqueer,220.68.247.63
498,Corbet,Pantry,cpantrydt@army.mil,Non-binary,41.160.30.85
499,Jesse,Bortolazzi,jbortolazzidu@nymag.com,Non-binary,27.127.136.203
500,Queenie,Hellwich,qhellwichdv@squarespace.com,Bigender,223.133.192.4
501,Sorcha,Rodrig,srodrigdw@amazon.com,Polygender,123.220.176.252
502,Chrysler,Scranney,cscranneydx@dailymail.co.uk,Male,192.27.162.179
503,Aryn,Yurinov,ayurinovdy@noaa.gov,Bigender,13.200.222.143
504,Kathleen,Wildber,kwildberdz@sciencedaily.com,Female,53.92.150.148
505,Ashton,Grzegorecki,agrzegoreckie0@taobao.com,Genderqueer,121.106.9.41
506,Ermanno,Redfield,eredfielde1@e-recht24.de,Genderfluid,96.242.48.176
507,Yettie,Brandoni,ybrandonie2@yale.edu,Bigender,115.109.176.30
508,Sophey,Benyon,sbenyone3@newsvine.com,Genderqueer,253.81.133.33
509,Erin,Bassingden,ebassingdene4@instagram.com,Female,118.138.16.199
510,Liesa,Enticknap,lenticknape5@rakuten.co.jp,Female,66.237.93.159
511,Gayelord,Tedorenko,gtedorenkoe6@weebly.com,Genderfluid,227.6.169.27
512,Lianna,Troy,ltroye7@usa.gov,Polygender,179.48.165.97
513,Fayina,Skerm,fskerme8@netlog.com,Male,182.10.135.149
514,Vasili,Sherrocks,vsherrockse9@cbslocal.com,Genderqueer,217.175.8.73
515,Buddy,Lane,blaneea@uiuc.edu,Female,15.8.203.170
516,Leena,Paddison,lpaddisoneb@marketwatch.com,Male,21.176.128.38
517,Nicola,Kamienski,nkamienskiec@de.vu,Polygender,185.246.33.251
518,Dorise,Pedel,dpedeled@hugedomains.com,Non-binary,15.120.218.89
519,Sven,Bows,sbowsee@google.com.au,Genderqueer,250.141.218.225
520,Andrey,Rounsefell,arounsefellef@vistaprint.com,Non-binary,100.80.124.74
521,Lonnard,Watton,lwattoneg@adobe.com,Polygender,74.254.49.203
522,Garv,Halbard,ghalbardeh@nps.gov,Agender,135.15.79.117
523,Marielle,Girt,mgirtei@reddit.com,Genderfluid,79.251.65.127
524,Jamill,Haworth,jhaworthej@smugmug.com,Polygender,108.252.227.125
525,Caty,Pareman,cparemanek@ycombinator.com,Genderqueer,35.134.235.25
526,Zilvia,Dumbarton,zdumbartonel@accuweather.com,Non-binary,49.106.24.181
527,Rachel,Adnams,radnamsem@gravatar.com,Genderfluid,32.43.20.52
528,Emelda,Curthoys,ecurthoysen@ed.gov,Genderqueer,115.131.58.50
529,Janos,Parsonson,jparsonsoneo@timesonline.co.uk,Agender,122.124.127.46
530,Glendon,O'Sherrin,gosherrinep@alexa.com,Genderqueer,18.76.14.236
531,Bevan,Bussell,bbusselleq@dropbox.com,Agender,178.185.99.28
532,Thaddus,Peat,tpeater@hubpages.com,Genderqueer,170.1.64.183
533,Ricoriki,Dayley,rdayleyes@sina.com.cn,Genderfluid,146.229.43.102
534,Jennilee,Barrar,jbarraret@arizona.edu,Polygender,32.188.107.241
535,Olenolin,Allabarton,oallabartoneu@hugedomains.com,Female,228.78.117.188
536,Rayshell,Routley,rroutleyev@telegraph.co.uk,Genderqueer,86.24.220.120
537,Ephrayim,Mitro,emitroew@accuweather.com,Male,87.92.196.63
538,Saidee,Worswick,sworswickex@nbcnews.com,Agender,72.71.74.224
539,Vanya,Lipp,vlippey@hp.com,Male,52.45.136.171
540,Oralle,Thresh,othreshez@baidu.com,Agender,111.36.12.214
541,Susie,Compfort,scompfortf0@uol.com.br,Male,3.67.249.19
542,Rayshell,Malec,rmalecf1@ameblo.jp,Male,71.179.43.9
543,Yale,Clamp,yclampf2@csmonitor.com,Bigender,47.134.155.24
544,Nadine,Jordine,njordinef3@huffingtonpost.com,Polygender,12.108.45.97
545,Rosamund,Shadrach,rshadrachf4@ted.com,Bigender,29.76.249.197
546,Tod,Spenton,tspentonf5@auda.org.au,Non-binary,125.71.30.184
547,Selma,Robbe,srobbef6@house.gov,Genderfluid,243.111.55.21
548,Gertrud,Kennion,gkennionf7@cafepress.com,Genderfluid,16.214.41.97
549,Boyce,Cicutto,bcicuttof8@weebly.com,Polygender,85.132.114.221
550,Hildy,Burgane,hburganef9@goo.ne.jp,Non-binary,90.228.243.88
551,Madelle,Stranks,mstranksfa@webnode.com,Agender,199.72.16.193
552,Ruddie,Shailer,rshailerfb@shutterfly.com,Genderqueer,199.200.143.235
553,Huntlee,Hutchings,hhutchingsfc@sun.com,Genderqueer,191.40.0.193
554,Evangelina,Geffe,egeffefd@arizona.edu,Genderqueer,60.150.126.42
555,Cherice,Greeves,cgreevesfe@pen.io,Male,225.191.70.133
556,Leif,Bragginton,lbraggintonff@devhub.com,Polygender,161.177.168.150
557,Mikel,Wardrop,mwardropfg@phpbb.com,Bigender,70.173.69.86
558,Halsy,Coppock.,hcoppockfh@gnu.org,Polygender,202.102.48.24
559,Jana,Strutt,jstruttfi@ibm.com,Genderqueer,31.42.10.8
560,Pietra,Corre,pcorrefj@fema.gov,Female,16.86.57.168
561,Roman,Jendas,rjendasfk@dedecms.com,Bigender,140.38.204.38
562,Delcine,Baume,dbaumefl@ning.com,Bigender,96.48.30.241
563,Eli,Burford,eburfordfm@craigslist.org,Polygender,149.221.167.149
564,Sarajane,Mathwin,smathwinfn@ibm.com,Non-binary,241.150.68.111
565,Sib,Jewel,sjewelfo@technorati.com,Female,121.0.93.161
566,Olivette,Redgrave,oredgravefp@miitbeian.gov.cn,Polygender,57.123.28.244
567,Jennine,McCardle,jmccardlefq@arstechnica.com,Genderqueer,92.44.42.97
568,Barton,Artis,bartisfr@icio.us,Non-binary,157.146.147.14
569,Nikki,Culpen,nculpenfs@wikia.com,Bigender,130.9.209.122
570,Aprilette,Enriques,aenriquesft@who.int,Bigender,162.150.179.130
571,Rancell,Ozintsev,rozintsevfu@ted.com,Female,7.208.179.46
572,Maisey,Peppin,mpeppinfv@spiegel.de,Genderqueer,31.42.197.194
573,Kirbee,Yeandel,kyeandelfw@house.gov,Bigender,55.178.115.174
574,Winfield,Chisolm,wchisolmfx@yellowpages.com,Non-binary,2.252.43.119
575,Huberto,McIlraith,hmcilraithfy@sourceforge.net,Non-binary,147.20.53.197
576,Brigham,Rudolf,brudolffz@tinypic.com,Male,253.249.6.255
577,Ruby,Tutchener,rtutchenerg0@hubpages.com,Polygender,203.224.154.166
578,Cornelius,Burman,cburmang1@yolasite.com,Genderqueer,219.197.201.56
579,Lizette,Ellam,lellamg2@digg.com,Bigender,210.187.209.100
580,Hammad,Trowell,htrowellg3@furl.net,Polygender,59.158.231.72
581,Taite,Gooden,tgoodeng4@sbwire.com,Male,108.218.17.50
582,Kylie,Sowerby,ksowerbyg5@cdc.gov,Polygender,76.201.53.51
583,Arlan,Collete,acolleteg6@creativecommons.org,Female,158.146.44.145
584,Rhianon,Jacobson,rjacobsong7@so-net.ne.jp,Genderqueer,130.145.60.124
585,Roarke,Cheston,rchestong8@tripod.com,Bigender,9.204.84.169
586,Moritz,Gerbi,mgerbig9@domainmarket.com,Bigender,35.255.69.157
587,Phil,Squibbes,psquibbesga@altervista.org,Genderqueer,162.190.159.101
588,Vincenz,Lorne,vlornegb@devhub.com,Bigender,194.166.65.2
589,Misty,Dungate,mdungategc@paypal.com,Genderfluid,2.213.84.92
590,Germayne,Assandri,gassandrigd@umich.edu,Agender,64.139.100.73
591,Moira,Crooke,mcrookege@jalbum.net,Agender,58.228.92.171
592,Velma,Galland,vgallandgf@blogs.com,Agender,13.180.248.178
593,Kimmi,Stopps,kstoppsgg@tuttocitta.it,Genderfluid,215.226.173.45
594,Emelyne,Fishenden,efishendengh@pagesperso-orange.fr,Non-binary,60.32.81.209
595,Emmery,McCheyne,emccheynegi@flavors.me,Genderqueer,162.251.124.182
596,Byron,Sorsbie,bsorsbiegj@xrea.com,Male,239.6.22.207
597,Roslyn,Kitchingham,rkitchinghamgk@ovh.net,Agender,203.125.36.105
598,Clea,Haquin,chaquingl@plala.or.jp,Female,118.164.29.68
599,Davida,Tremlett,dtremlettgm@xrea.com,Genderqueer,10.114.19.12
600,Renaud,Lulham,rlulhamgn@spiegel.de,Non-binary,74.142.53.9
601,Kathleen,Janman,kjanmango@dailymail.co.uk,Polygender,202.84.34.239
602,Thornie,Castro,tcastrogp@1688.com,Genderfluid,235.79.29.244
603,Thayne,Wyrall,twyrallgq@cloudflare.com,Male,182.51.15.237
604,Galvan,Manifold,gmanifoldgr@nature.com,Bigender,250.29.211.199
605,Jeffy,Gracewood,jgracewoodgs@sohu.com,Agender,6.123.111.83
606,Westleigh,Randleson,wrandlesongt@dyndns.org,Polygender,40.104.16.52
607,Nell,Gostyke,ngostykegu@wired.com,Genderqueer,122.122.102.229
608,Ruthanne,Foale,rfoalegv@imdb.com,Genderfluid,48.31.223.203
609,Lola,Rickardsson,lrickardssongw@timesonline.co.uk,Genderfluid,253.10.220.172
610,Rivy,Dunnett,rdunnettgx@woothemes.com,Genderfluid,24.171.72.41
611,Boigie,Wraxall,bwraxallgy@wikispaces.com,Genderfluid,9.151.236.75
612,Ulrikaumeko,Stamper,ustampergz@time.com,Genderqueer,202.187.155.35
613,Darby,McGonagle,dmcgonagleh0@un.org,Polygender,107.234.117.235
614,Lilli,Ancketill,lancketillh1@list-manage.com,Agender,136.10.48.106
615,Cathrin,Yegoshin,cyegoshinh2@nymag.com,Female,184.73.181.31
616,Lillis,Gascard,lgascardh3@pagesperso-orange.fr,Genderfluid,190.167.222.49
617,Janessa,Gilder,jgilderh4@over-blog.com,Genderqueer,71.37.114.48
618,Adoree,Grewcock,agrewcockh5@etsy.com,Polygender,125.9.69.231
619,Irita,Stiant,istianth6@deliciousdays.com,Bigender,112.223.175.254
620,Barret,Charnick,bcharnickh7@yellowpages.com,Agender,42.93.24.64
621,Lowell,Boulstridge,lboulstridgeh8@apache.org,Bigender,80.232.160.43
622,Annmarie,O'Cridigan,aocridiganh9@diigo.com,Non-binary,207.169.100.91
623,Augustina,Grayshan,agrayshanha@gravatar.com,Bigender,216.0.19.24
624,Gunter,Franzman,gfranzmanhb@slashdot.org,Non-binary,8.87.58.40
625,Nowell,Leyburn,nleyburnhc@mozilla.org,Genderqueer,42.204.56.157
626,Roger,Crabb,rcrabbhd@t.co,Female,190.218.3.87
627,Bibbie,Beggini,bbegginihe@devhub.com,Non-binary,203.176.5.66
628,Jeana,Spratley,jspratleyhf@is.gd,Genderqueer,28.176.141.25
629,Leanor,Bellhouse,lbellhousehg@japanpost.jp,Bigender,209.171.183.126
630,Alina,Scard,ascardhh@cisco.com,Non-binary,53.41.95.68
631,Alfi,Dunbobbin,adunbobbinhi@google.com.hk,Polygender,16.105.61.63
632,Amitie,Scammonden,ascammondenhj@ca.gov,Genderqueer,169.201.230.0
633,Cathleen,Borlease,cborleasehk@live.com,Bigender,100.131.130.133
634,Elroy,Ploughwright,eploughwrighthl@acquirethisname.com,Non-binary,116.249.181.150
635,Evania,Vanichev,evanichevhm@sourceforge.net,Genderqueer,233.227.1.105
636,Daveta,Kirgan,dkirganhn@archive.org,Non-binary,142.137.99.86
637,Helen,Fullalove,hfullaloveho@moonfruit.com,Genderfluid,83.70.149.25
638,Amber,Spottswood,aspottswoodhp@feedburner.com,Female,75.140.0.153
639,Aleta,Beneyto,abeneytohq@squarespace.com,Non-binary,249.135.109.16
640,Joel,Alstead,jalsteadhr@opera.com,Agender,82.150.45.114
641,Gerianna,Geill,ggeillhs@google.com.au,Polygender,12.198.228.181
642,Marylynne,Rickeard,mrickeardht@bizjournals.com,Genderfluid,57.103.103.191
643,Lazaro,Whitby,lwhitbyhu@boston.com,Genderfluid,194.222.6.190
644,Jillane,Gable,jgablehv@fotki.com,Female,19.16.82.133
645,Nataline,Harcus,nharcushw@amazon.co.uk,Male,253.85.20.214
646,Cullin,Kienle,ckienlehx@wp.com,Agender,216.131.57.102
647,Kym,Goold,kgooldhy@is.gd,Bigender,128.185.225.14
648,Angelle,Cornill,acornillhz@house.gov,Polygender,228.128.162.35
649,Harold,Philbin,hphilbini0@mozilla.com,Male,194.36.207.81
650,Dirk,Newtown,dnewtowni1@simplemachines.org,Female,172.207.77.155
651,Kora,Hanbidge,khanbidgei2@tmall.com,Bigender,112.31.57.17
652,Shaun,Gillease,sgilleasei3@examiner.com,Female,88.211.99.2
653,Gallard,Ailmer,gailmeri4@sitemeter.com,Non-binary,0.251.14.95
654,Jacquenetta,Gaywood,jgaywoodi5@senate.gov,Male,14.151.177.230
655,Augustine,Pickervance,apickervancei6@nbcnews.com,Agender,19.114.72.249
656,Libbie,Welberry,lwelberryi7@naver.com,Male,50.235.24.6
657,Jermayne,Pragnell,jpragnelli8@prlog.org,Bigender,204.238.44.144
658,Shanie,Alpes,salpesi9@businesswire.com,Polygender,150.48.65.165
659,Murray,Olivey,moliveyia@squidoo.com,Male,15.190.102.99
660,Raddy,Auston,raustonib@gravatar.com,Non-binary,138.119.141.60
661,Robby,Langforth,rlangforthic@fc2.com,Genderqueer,174.72.54.232
662,Creighton,Hiley,chileyid@unesco.org,Agender,192.54.245.37
663,Barry,Paulillo,bpaulilloie@virginia.edu,Female,73.106.75.111
664,Cassey,Atto,cattoif@macromedia.com,Non-binary,5.225.101.167
665,Belvia,Kristufek,bkristufekig@forbes.com,Bigender,235.138.142.238
666,Hedwiga,Bisley,hbisleyih@elpais.com,Bigender,129.16.21.162
667,Annecorinne,Goldspink,agoldspinkii@washington.edu,Male,189.176.34.224
668,Alverta,Dreamer,adreamerij@printfriendly.com,Agender,97.193.227.225
669,Lorie,Bargh,lbarghik@desdev.cn,Female,183.76.51.38
670,Meredithe,Immings,mimmingsil@vinaora.com,Female,124.71.181.128
671,Morganne,Strathman,mstrathmanim@mit.edu,Male,72.128.0.76
672,Cleve,Wimsett,cwimsettin@wikispaces.com,Non-binary,38.145.68.228
673,Robinet,Klemensiewicz,rklemensiewiczio@japanpost.jp,Polygender,12.61.46.22
674,Franz,Dangerfield,fdangerfieldip@unesco.org,Bigender,75.107.242.22
675,Maddy,Bickle,mbickleiq@i2i.jp,Polygender,50.58.19.90
676,Butch,Mac,bmacir@time.com,Non-binary,233.134.55.106
677,Sofie,Tatersale,statersaleis@cbc.ca,Polygender,86.52.40.69
678,Thain,Bergstrand,tbergstrandit@alexa.com,Non-binary,10.40.141.12
679,Kirbee,Mordon,kmordoniu@php.net,Agender,79.4.31.136
680,Shannan,Winchcum,swinchcumiv@mlb.com,Agender,9.224.251.157
681,Nani,Ebourne,nebourneiw@jigsy.com,Female,102.163.206.126
682,Dido,Ferran,dferranix@canalblog.com,Male,8.144.44.222
683,Reube,Baverstock,rbaverstockiy@usgs.gov,Genderqueer,100.67.242.16
684,Elana,Baus,ebausiz@people.com.cn,Non-binary,178.92.16.123
685,Cynthy,Bastard,cbastardj0@wikimedia.org,Non-binary,14.137.89.92
686,Gussy,Thorrington,gthorringtonj1@ning.com,Agender,204.158.51.230
687,Natty,Catlette,ncatlettej2@acquirethisname.com,Polygender,53.245.137.195
688,Woodman,Lote,wlotej3@indiatimes.com,Non-binary,45.235.204.22
689,Greer,Werner,gwernerj4@furl.net,Agender,119.69.157.249
690,Eldridge,Ianinotti,eianinottij5@abc.net.au,Bigender,125.183.215.74
691,Tris,Farman,tfarmanj6@printfriendly.com,Polygender,120.241.76.22
692,Rafaelita,Polo,rpoloj7@yelp.com,Female,144.159.98.9
693,Oralee,Doyland,odoylandj8@va.gov,Genderqueer,151.50.169.224
694,Linnie,Millsom,lmillsomj9@addthis.com,Genderfluid,217.95.33.199
695,Faustina,Sondland,fsondlandja@gmpg.org,Male,182.150.63.240
696,Cilka,Bittleson,cbittlesonjb@themeforest.net,Female,217.168.0.255
697,Zed,Joyner,zjoynerjc@weather.com,Agender,3.212.212.143
698,June,Blaskett,jblaskettjd@altervista.org,Female,200.159.163.184
699,Isac,Vaggers,ivaggersje@sun.com,Polygender,196.195.247.170
700,Rebekkah,Van der Kruijs,rvanderkruijsjf@last.fm,Bigender,97.235.40.120
701,Leta,Guenther,lguentherjg@theatlantic.com,Non-binary,12.212.36.166
702,Collen,Crowder,ccrowderjh@rakuten.co.jp,Genderfluid,251.156.25.56
703,Pavia,Dufoure,pdufoureji@blog.com,Polygender,39.24.66.83
704,Alena,Domm,adommjj@mlb.com,Female,188.219.90.157
705,Darcie,Romagnosi,dromagnosijk@fotki.com,Female,225.87.251.197
706,Freddie,Mayte,fmaytejl@technorati.com,Genderqueer,51.251.159.181
707,Boycie,South,bsouthjm@ebay.co.uk,Male,11.77.250.17
708,Ronny,MacAvddy,rmacavddyjn@deviantart.com,Genderqueer,81.225.175.120
709,Nanete,Thunderman,nthundermanjo@samsung.com,Agender,206.55.126.200
710,Ronalda,Harget,rhargetjp@ask.com,Male,114.179.142.213
711,Brent,Fredi,bfredijq@ehow.com,Non-binary,155.85.105.10
712,Alley,Blackater,ablackaterjr@diigo.com,Genderqueer,212.192.23.112
713,Dorette,Covotto,dcovottojs@liveinternet.ru,Genderfluid,130.51.161.140
714,Nollie,Morrallee,nmorralleejt@purevolume.com,Female,217.165.191.234
715,Katerine,Hiorn,khiornju@intel.com,Genderqueer,197.91.58.62
716,Lazarus,Darrow,ldarrowjv@theguardian.com,Non-binary,212.176.190.143
717,Ado,Daine,adainejw@wp.com,Non-binary,125.245.35.4
718,Anstice,Wressell,awresselljx@ucoz.ru,Genderqueer,109.44.46.90
719,Shawna,Jonsson,sjonssonjy@ucoz.ru,Agender,237.144.162.167
720,Addison,Linwood,alinwoodjz@furl.net,Agender,172.219.61.42
721,Angelique,Drinkall,adrinkallk0@dion.ne.jp,Genderfluid,123.17.156.151
722,Gareth,Yablsley,gyablsleyk1@live.com,Genderfluid,92.248.213.119
723,Laurella,Batcock,lbatcockk2@nbcnews.com,Female,42.78.145.181
724,Evy,Endley,eendleyk3@flavors.me,Agender,199.11.103.79
725,Delano,Brugman,dbrugmank4@amazon.co.jp,Bigender,7.122.96.218
726,Thalia,Van Leeuwen,tvanleeuwenk5@tinypic.com,Female,203.128.109.52
727,Tristan,Asker,taskerk6@admin.ch,Bigender,0.101.12.168
728,Bobbe,Zebedee,bzebedeek7@about.com,Female,212.191.69.26
729,Andriette,Laxton,alaxtonk8@posterous.com,Polygender,219.215.143.233
730,Florette,Allbones,fallbonesk9@harvard.edu,Male,5.124.146.124
731,Gilly,Snozzwell,gsnozzwellka@istockphoto.com,Agender,2.211.41.245
732,Brigida,Warr,bwarrkb@google.de,Polygender,232.4.161.154
733,Thornton,Boshell,tboshellkc@mit.edu,Non-binary,52.207.233.3
734,Charity,Coyne,ccoynekd@ucsd.edu,Female,185.192.78.175
735,Wilie,Oxtoby,woxtobyke@weebly.com,Male,10.103.113.172
736,Eal,Dewire,edewirekf@patch.com,Genderqueer,29.107.98.166
737,Vinita,Cartledge,vcartledgekg@qq.com,Bigender,247.162.153.193
738,Bartlett,Gerbi,bgerbikh@berkeley.edu,Female,126.149.40.178
739,Ardene,Leroy,aleroyki@blogger.com,Genderqueer,30.200.135.101
740,Elly,McGeouch,emcgeouchkj@jiathis.com,Genderfluid,162.120.219.15
741,Aarika,Babalola,ababalolakk@cargocollective.com,Polygender,245.225.34.161
742,Cordie,Djuricic,cdjuricickl@hp.com,Bigender,125.199.45.13
743,Nolly,Jellicorse,njellicorsekm@pen.io,Non-binary,251.15.253.126
744,Dannie,Lothean,dlotheankn@constantcontact.com,Female,120.51.176.21
745,Lucine,Jenken,ljenkenko@indiegogo.com,Agender,26.48.57.155
746,Veda,Garthside,vgarthsidekp@sina.com.cn,Male,230.170.92.45
747,Abba,Heatley,aheatleykq@chicagotribune.com,Agender,66.17.2.64
748,Evita,Moncarr,emoncarrkr@webnode.com,Agender,222.19.238.191
749,Ruperto,Clutram,rclutramks@toplist.cz,Male,183.61.136.255
750,Nolan,Freeland,nfreelandkt@dailymail.co.uk,Genderfluid,15.29.87.106
751,Ferrell,Tesauro,ftesauroku@mapquest.com,Male,28.92.114.155
752,Merwyn,Bellie,mbelliekv@npr.org,Agender,96.136.248.22
753,Hinze,Phelit,hphelitkw@odnoklassniki.ru,Non-binary,103.20.21.221
754,Sascha,Sueter,ssueterkx@artisteer.com,Genderqueer,53.157.129.108
755,Stanwood,Philipeaux,sphilipeauxky@kickstarter.com,Bigender,111.124.42.90
756,Dorena,Sokell,dsokellkz@buzzfeed.com,Female,200.143.45.19
757,Carmon,Kohnert,ckohnertl0@discuz.net,Genderfluid,167.42.117.242
758,Fanchette,Bengochea,fbengocheal1@columbia.edu,Female,88.160.112.36
759,Conrad,Fader,cfaderl2@oaic.gov.au,Female,28.185.78.162
760,Stefa,Emeney,semeneyl3@so-net.ne.jp,Genderfluid,33.127.86.160
761,Lenette,Rielly,lriellyl4@smh.com.au,Bigender,142.94.71.149
762,Reeva,Brawn,rbrawnl5@aboutads.info,Non-binary,180.249.160.222
763,Faustina,Grzeszczak,fgrzeszczakl6@dion.ne.jp,Polygender,165.52.16.214
764,Rod,Tybalt,rtybaltl7@goo.ne.jp,Non-binary,150.227.42.48
765,Meaghan,Whittington,mwhittingtonl8@amazon.co.uk,Genderqueer,141.74.145.53
766,Carmita,Rutherford,crutherfordl9@trellian.com,Non-binary,104.133.126.56
767,Benedetta,Blenkensop,bblenkensopla@webnode.com,Polygender,141.58.53.247
768,Emerson,Stiegers,estiegerslb@bluehost.com,Genderqueer,200.42.159.2
769,Benedicto,Beardsdale,bbeardsdalelc@xrea.com,Non-binary,121.14.78.142
770,Tersina,Tinkham,ttinkhamld@rakuten.co.jp,Genderfluid,154.88.180.13
771,Nikkie,Pavier,npavierle@sciencedirect.com,Bigender,76.39.55.245
772,Aurelea,Woolard,awoolardlf@youtube.com,Genderqueer,242.138.26.46
773,Bertrando,Maffeo,bmaffeolg@mail.ru,Polygender,62.81.228.121
774,Sacha,Grigson,sgrigsonlh@sogou.com,Bigender,249.137.217.30
775,Katrina,Mor,kmorli@wiley.com,Genderfluid,57.29.132.186
776,Caitrin,Ummfrey,cummfreylj@wix.com,Agender,19.247.22.203
777,Micheil,Jerman,mjermanlk@smh.com.au,Genderfluid,250.122.67.81
778,Michal,Geal,mgealll@washingtonpost.com,Genderqueer,0.227.193.180
779,Welsh,Grutchfield,wgrutchfieldlm@csmonitor.com,Bigender,52.22.39.164
780,Dorolisa,Ashment,dashmentln@tinyurl.com,Non-binary,107.242.186.186
781,Floris,Mouat,fmouatlo@godaddy.com,Non-binary,241.179.117.243
782,Appolonia,Hansom,ahansomlp@cisco.com,Genderqueer,103.35.22.48
783,Alphard,Kibbe,akibbelq@github.com,Genderqueer,253.213.11.26
784,Olia,Leathlay,oleathlaylr@list-manage.com,Agender,146.87.98.151
785,Oberon,Brayfield,obrayfieldls@harvard.edu,Female,184.11.114.36
786,Phillis,Domokos,pdomokoslt@nationalgeographic.com,Genderqueer,71.119.178.157
787,Lila,Whiterod,lwhiterodlu@java.com,Non-binary,27.67.180.204
788,Benedikt,Napolione,bnapolionelv@angelfire.com,Polygender,52.43.148.210
789,Jessi,Give,jgivelw@state.tx.us,Bigender,51.247.186.50
790,Nevsa,Master,nmasterlx@dailymail.co.uk,Male,10.71.247.227
791,Kareem,Bolliver,kbolliverly@europa.eu,Male,93.7.228.171
792,Ainslee,Skillicorn,askillicornlz@sciencedirect.com,Agender,133.4.206.220
793,Adrianna,Greves,agrevesm0@constantcontact.com,Non-binary,215.10.248.202
794,Frazier,Brayford,fbrayfordm1@marriott.com,Non-binary,66.151.195.254
795,Willem,MacKimmie,wmackimmiem2@trellian.com,Male,159.255.120.186
796,Auroora,Kuhnke,akuhnkem3@ftc.gov,Non-binary,197.233.12.132
797,Spence,Bent,sbentm4@soundcloud.com,Polygender,212.190.111.174
798,Vitoria,Chennells,vchennellsm5@t-online.de,Bigender,197.211.131.162
799,Helene,Kinsley,hkinsleym6@businesswire.com,Genderfluid,49.186.118.108
800,Andrey,Primak,aprimakm7@google.pl,Non-binary,72.221.229.235
801,Sloane,Thornhill,sthornhillm8@reuters.com,Female,99.48.101.167
802,Chaim,Russen,crussenm9@artisteer.com,Genderqueer,236.26.117.75
803,Arvin,Howsden,ahowsdenma@ustream.tv,Genderfluid,74.75.12.206
804,Eloisa,Semrad,esemradmb@google.com,Female,52.253.39.103
805,Cindie,Gromley,cgromleymc@privacy.gov.au,Bigender,203.82.253.157
806,Jarrett,Pinxton,jpinxtonmd@goodreads.com,Bigender,169.29.104.23
807,Pegeen,Toplin,ptoplinme@dot.gov,Agender,126.45.39.248
808,Savina,Chapelle,schapellemf@state.gov,Genderqueer,166.24.228.69
809,Clayborn,Spini,cspinimg@howstuffworks.com,Agender,182.136.179.115
810,Johnath,McMurray,jmcmurraymh@diigo.com,Bigender,137.219.252.170
811,Anne-marie,Spini,aspinimi@dell.com,Genderqueer,54.92.236.20
812,Lion,Schneidar,lschneidarmj@arstechnica.com,Genderqueer,38.2.91.102
813,Ailyn,Wiggins,awigginsmk@google.fr,Female,242.96.72.184
814,Mauricio,Hasloch,mhaslochml@intel.com,Female,255.67.132.190
815,Selia,Burton,sburtonmm@irs.gov,Genderfluid,65.235.149.202
816,Margarette,Playden,mplaydenmn@flavors.me,Agender,136.218.97.197
817,Dev,Laingmaid,dlaingmaidmo@latimes.com,Non-binary,118.155.58.160
818,Ernst,Monni,emonnimp@deliciousdays.com,Genderqueer,89.236.112.143
819,Mehetabel,Julien,mjulienmq@epa.gov,Polygender,41.71.18.198
820,Wyn,Bartozzi,wbartozzimr@feedburner.com,Non-binary,140.7.33.133
821,Janek,Castelli,jcastellims@ezinearticles.com,Bigender,196.118.97.77
822,Joletta,Petrina,jpetrinamt@oracle.com,Female,209.174.170.187
823,Viki,Glyssanne,vglyssannemu@i2i.jp,Bigender,144.160.11.101
824,Hersch,Faucherand,hfaucherandmv@google.ru,Non-binary,48.157.58.198
825,Steffi,Bellison,sbellisonmw@gmpg.org,Non-binary,231.236.23.200
826,Simonne,Beaby,sbeabymx@irs.gov,Genderfluid,158.209.166.244
827,Marya,D'Elia,mdeliamy@theatlantic.com,Female,95.36.51.112
828,Chancey,Walwood,cwalwoodmz@merriam-webster.com,Non-binary,198.73.131.73
829,Free,Pargetter,fpargettern0@360.cn,Polygender,172.43.215.87
830,Daryl,Jesse,djessen1@blogtalkradio.com,Male,111.216.250.216
831,Claiborne,Mates,cmatesn2@unblog.fr,Polygender,9.46.65.70
832,Constancy,Parkes,cparkesn3@addthis.com,Male,235.138.211.249
833,Salvatore,Dunkley,sdunkleyn4@about.com,Bigender,145.39.120.27
834,Courtnay,Ilsley,cilsleyn5@spiegel.de,Genderfluid,17.248.177.254
835,Alberto,Sallenger,asallengern6@prlog.org,Male,97.215.181.224
836,Hakeem,Thackeray,hthackerayn7@desdev.cn,Genderfluid,166.70.224.219
837,Antonetta,Brokenshire,abrokenshiren8@zimbio.com,Genderfluid,76.189.8.12
838,Mamie,O'Dee,modeen9@wikipedia.org,Agender,196.22.61.29
839,Sterne,Tuther,stutherna@state.tx.us,Non-binary,130.132.52.44
840,Shena,Bernardon,sbernardonnb@mysql.com,Female,62.237.4.233
841,Zsazsa,Gillet,zgilletnc@discuz.net,Bigender,23.167.187.158
842,Mohammed,Giovanizio,mgiovaniziond@jalbum.net,Agender,113.102.248.135
843,Jodee,Welldrake,jwelldrakene@sbwire.com,Non-binary,7.226.19.73
844,Kendrick,Swatheridge,kswatheridgenf@stanford.edu,Agender,89.116.50.228
845,Ericha,Fairbanks,efairbanksng@imdb.com,Non-binary,39.209.17.71
846,Cornelius,La Padula,clapadulanh@admin.ch,Female,58.64.141.199
847,Sandye,Wycliff,swycliffni@google.ca,Agender,30.25.103.68
848,Nadiya,Kent,nkentnj@nationalgeographic.com,Non-binary,156.30.87.142
849,Berny,Lodwig,blodwignk@xinhuanet.com,Genderfluid,143.194.94.185
850,Lorie,Jesty,ljestynl@cnbc.com,Female,134.62.44.194
851,Peggi,Fligg,pfliggnm@accuweather.com,Male,58.44.172.75
852,Selie,Stobo,sstobonn@example.com,Bigender,10.115.198.89
853,Maynard,Crimes,mcrimesno@topsy.com,Female,243.0.107.79
854,Denys,Sorey,dsoreynp@feedburner.com,Polygender,219.17.71.167
855,Consuela,Hort,chortnq@ucla.edu,Agender,185.208.88.3
856,Farand,Vannacci,fvannaccinr@opensource.org,Agender,66.153.2.28
857,Teddi,Cantor,tcantorns@xrea.com,Polygender,28.58.224.213
858,Cirstoforo,Cosyns,ccosynsnt@imageshack.us,Genderqueer,220.69.24.160
859,Ewen,Librey,elibreynu@bravesites.com,Polygender,180.192.199.179
860,Savina,Bedson,sbedsonnv@chron.com,Male,122.222.90.14
861,Codie,Cahan,ccahannw@telegraph.co.uk,Genderqueer,27.11.57.146
862,Page,Micheu,pmicheunx@51.la,Female,167.139.120.212
863,Corri,Ramsay,cramsayny@nba.com,Polygender,147.14.194.182
864,Osbourne,Guiden,oguidennz@reuters.com,Genderfluid,138.94.245.78
865,Clevie,Plumb,cplumbo0@mlb.com,Agender,26.196.52.44
866,Rebeca,Railton,rrailtono1@tmall.com,Male,175.183.180.88
867,Mikaela,Greenstead,mgreensteado2@wikipedia.org,Genderqueer,216.223.90.252
868,Edgard,Yacobsohn,eyacobsohno3@who.int,Male,174.101.24.188
869,Conn,Rowswell,crowswello4@wired.com,Non-binary,126.62.104.172
870,Ole,Findlay,ofindlayo5@census.gov,Female,117.210.74.234
871,Monti,Husby,mhusbyo6@dion.ne.jp,Genderfluid,252.234.177.12
872,Jillana,Trendle,jtrendleo7@spotify.com,Non-binary,18.235.94.44
873,Barbaraanne,Djurkovic,bdjurkovico8@baidu.com,Polygender,18.222.128.246
874,Kelci,Perfili,kperfilio9@statcounter.com,Male,248.144.57.76
875,Tildy,Cully,tcullyoa@weebly.com,Female,55.5.150.91
876,Meredithe,Whal,mwhalob@bbb.org,Non-binary,189.159.57.119
877,Shurlock,Gallanders,sgallandersoc@cornell.edu,Agender,114.67.197.33
878,Cindie,Rout,croutod@photobucket.com,Agender,105.74.181.200
879,Stu,Shenton,sshentonoe@4shared.com,Genderqueer,220.145.5.106
880,Yovonnda,Greenset,ygreensetof@blogspot.com,Genderfluid,177.208.12.187
881,Libbie,Scutts,lscuttsog@discovery.com,Agender,125.200.130.88
882,Tuck,Proppers,tproppersoh@springer.com,Agender,230.251.233.211
883,Vinny,Grut,vgrutoi@nasa.gov,Genderqueer,182.190.49.24
884,Lonee,Haysar,lhaysaroj@comsenz.com,Genderfluid,162.197.102.179
885,Eula,Heffer,ehefferok@devhub.com,Genderfluid,32.138.165.3
886,Tabbie,Thieme,tthiemeol@wsj.com,Bigender,68.128.146.47
887,Terra,Cotes,tcotesom@discuz.net,Male,203.220.22.145
888,Rosette,Novis,rnovison@tinypic.com,Genderqueer,187.52.109.195
889,Biron,Elwell,belwelloo@wikipedia.org,Bigender,162.77.159.4
890,Fidela,Egalton,fegaltonop@wikia.com,Genderqueer,2.174.105.173
891,Barclay,Cardiff,bcardiffoq@devhub.com,Agender,212.88.241.111
892,Donall,Mazzei,dmazzeior@chicagotribune.com,Polygender,118.112.91.125
893,Linn,Lots,llotsos@desdev.cn,Non-binary,161.52.239.220
894,Brit,Berrick,bberrickot@intel.com,Bigender,218.101.101.26
895,Filide,Schankel,fschankelou@360.cn,Non-binary,193.87.184.160
896,Jodie,Chappel,jchappelov@google.com.hk,Polygender,49.167.67.211
897,Hildy,Davley,hdavleyow@netscape.com,Genderfluid,194.242.175.70
898,Lulita,Reast,lreastox@comcast.net,Bigender,117.83.26.213
899,Aleta,Buttrick,abuttrickoy@blogtalkradio.com,Male,182.19.118.8
900,Claiborne,Rea,creaoz@github.com,Agender,145.130.173.44
901,Brianne,Tollit,btollitp0@cdc.gov,Genderfluid,66.54.165.247
902,Dalenna,Crossley,dcrossleyp1@canalblog.com,Genderqueer,228.51.243.247
903,Stormy,McQuode,smcquodep2@prlog.org,Bigender,180.251.4.180
904,Jillene,Wadelin,jwadelinp3@hc360.com,Genderfluid,214.89.184.196
905,Myrtia,Kloisner,mkloisnerp4@cocolog-nifty.com,Polygender,183.245.17.165
906,Bar,Milton,bmiltonp5@independent.co.uk,Polygender,156.115.173.222
907,Merwin,Wyllis,mwyllisp6@msu.edu,Genderfluid,201.250.210.24
908,Madelin,Watterson,mwattersonp7@oaic.gov.au,Bigender,92.76.71.156
909,Bucky,Joris,bjorisp8@webnode.com,Polygender,218.213.122.118
910,Adrienne,Kuhlen,akuhlenp9@hubpages.com,Bigender,152.141.116.63
911,Dalia,Cavan,dcavanpa@google.de,Genderqueer,137.206.217.75
912,Lisabeth,Nigh,lnighpb@4shared.com,Female,144.123.218.97
913,Alaster,Kunz,akunzpc@acquirethisname.com,Agender,188.121.74.246
914,Darbee,Fishly,dfishlypd@squarespace.com,Male,209.116.138.233
915,Spence,Matijasevic,smatijasevicpe@pen.io,Female,32.252.238.54
916,Rasla,Olek,rolekpf@shareasale.com,Female,93.66.152.155
917,Aileen,Arunowicz,aarunowiczpg@soup.io,Bigender,98.92.93.108
918,Dalenna,Scoterbosh,dscoterboshph@jimdo.com,Genderfluid,95.155.126.90
919,Cristi,Haydney,chaydneypi@oracle.com,Genderfluid,139.180.128.1
920,Keslie,Goodsir,kgoodsirpj@sakura.ne.jp,Genderqueer,99.199.221.232
921,Dolf,Casacchia,dcasacchiapk@liveinternet.ru,Polygender,64.168.92.160
922,Whitby,McPhelimey,wmcphelimeypl@senate.gov,Agender,166.234.41.213
923,Nickie,Spurdon,nspurdonpm@dagondesign.com,Non-binary,172.149.113.23
924,Rod,Stean,rsteanpn@goo.ne.jp,Polygender,204.241.218.203
925,Michel,Boecke,mboeckepo@loc.gov,Genderfluid,56.123.62.168
926,Riccardo,Hastie,rhastiepp@sciencedaily.com,Genderqueer,173.78.52.86
927,Corrine,Spowart,cspowartpq@alexa.com,Male,21.15.242.174
928,Madalyn,Dempsey,mdempseypr@hugedomains.com,Polygender,64.247.152.182
929,Bruce,Chuck,bchuckps@bing.com,Agender,159.5.231.149
930,Johannah,Poytheras,jpoytheraspt@miibeian.gov.cn,Non-binary,204.83.254.171
931,Kirsteni,Andrioletti,kandriolettipu@g.co,Female,103.5.80.252
932,Maddie,Haffenden,mhaffendenpv@indiatimes.com,Male,69.82.175.44
933,Smitty,Craker,scrakerpw@mozilla.com,Non-binary,39.221.158.199
934,Krystal,Cowope,kcowopepx@yolasite.com,Polygender,123.53.187.71
935,Raynor,Varnam,rvarnampy@list-manage.com,Genderqueer,101.27.124.87
936,Clem,Di Domenico,cdidomenicopz@cisco.com,Agender,239.146.147.222
937,Willie,Mary,wmaryq0@netvibes.com,Bigender,117.78.72.160
938,Giana,Tarbin,gtarbinq1@addthis.com,Female,202.70.154.236
939,Barbie,Betteson,bbettesonq2@wp.com,Bigender,109.57.130.46
940,Dee,Dulling,ddullingq3@smh.com.au,Genderfluid,96.171.80.228
941,Darya,Bezemer,dbezemerq4@icio.us,Male,217.131.247.231
942,Andy,Lindsley,alindsleyq5@scribd.com,Genderfluid,44.178.104.198
943,Darb,Drexel,ddrexelq6@apache.org,Polygender,88.114.127.0
944,Adele,Dyke,adykeq7@prweb.com,Male,211.33.252.137
945,Cordelia,Dancer,cdancerq8@umn.edu,Non-binary,160.174.163.213
946,Rozalin,Heading,rheadingq9@google.co.uk,Genderfluid,26.159.192.13
947,David,Rassell,drassellqa@people.com.cn,Male,146.165.124.198
948,Elnora,Ferrarotti,eferrarottiqb@howstuffworks.com,Female,123.229.88.244
949,Byram,Barnewelle,bbarnewelleqc@gov.uk,Agender,87.130.32.104
950,Odelinda,Ghione,oghioneqd@canalblog.com,Agender,112.95.170.117
951,Calli,McVie,cmcvieqe@army.mil,Female,46.130.83.51
952,Rafaelita,Girvan,rgirvanqf@ftc.gov,Female,99.204.121.79
953,Pearl,Du Pre,pdupreqg@uiuc.edu,Male,61.99.181.81
954,Dierdre,Pluthero,dplutheroqh@exblog.jp,Female,76.212.106.140
955,Tiphanie,Foxten,tfoxtenqi@behance.net,Bigender,94.147.130.212
956,Lemmy,Bosward,lboswardqj@msu.edu,Genderqueer,234.55.23.75
957,Doralyn,Ransfield,dransfieldqk@ebay.co.uk,Agender,62.151.93.96
958,Barde,Dimbylow,bdimbylowql@lulu.com,Genderfluid,248.1.122.211
959,Roze,Blayd,rblaydqm@hhs.gov,Female,218.131.110.40
960,Meryl,Deeprose,mdeeproseqn@360.cn,Male,92.177.140.216
961,Armstrong,Brimner,abrimnerqo@sciencedaily.com,Male,65.0.197.162
962,Alyda,Dear,adearqp@pinterest.com,Polygender,50.225.59.232
963,Violetta,Wombwell,vwombwellqq@indiatimes.com,Genderfluid,152.17.160.39
964,Candide,Didball,cdidballqr@godaddy.com,Male,228.152.95.215
965,Pavlov,Poulson,ppoulsonqs@diigo.com,Male,15.159.12.219
966,Cornell,Codner,ccodnerqt@t-online.de,Agender,157.245.36.121
967,Kareem,Ianni,kianniqu@tinyurl.com,Genderqueer,112.215.93.118
968,Niel,McGrorty,nmcgrortyqv@bloglines.com,Polygender,197.27.19.183
969,Doria,Bransby,dbransbyqw@studiopress.com,Genderqueer,187.118.245.23
970,Rhianon,Hamshar,rhamsharqx@google.com.br,Agender,91.171.85.99
971,Sada,Borer,sborerqy@squidoo.com,Polygender,111.224.187.124
972,Sharia,Headland,sheadlandqz@usda.gov,Male,49.45.140.39
973,Caresa,Summerlad,csummerladr0@canalblog.com,Male,150.62.95.145
974,Davina,April,daprilr1@sohu.com,Genderqueer,230.1.197.169
975,Darb,Laydon,dlaydonr2@cmu.edu,Non-binary,80.32.218.239
976,Conny,Servant,cservantr3@zdnet.com,Genderfluid,107.207.193.207
977,Terra,Baptista,tbaptistar4@illinois.edu,Male,59.93.156.22
978,Pincus,Somerfield,psomerfieldr5@blogs.com,Genderfluid,213.162.10.0
979,Minny,Malimoe,mmalimoer6@desdev.cn,Polygender,255.83.169.115
980,Verney,Segrott,vsegrottr7@icio.us,Male,235.162.13.172
981,Hettie,Hannaby,hhannabyr8@e-recht24.de,Male,90.238.240.65
982,Trixy,Treske,ttresker9@squarespace.com,Bigender,12.149.8.232
983,Patti,Cassidy,pcassidyra@wix.com,Polygender,210.187.50.130
984,Teodora,Gurys,tgurysrb@people.com.cn,Polygender,123.178.203.157
985,Meta,Baudesson,mbaudessonrc@globo.com,Male,246.55.92.9
986,Tuckie,O'Dea,todeard@amazon.com,Polygender,179.107.20.116
987,Saidee,Kop,skopre@gravatar.com,Genderqueer,180.122.181.23
988,Bradney,Knudsen,bknudsenrf@gmpg.org,Non-binary,128.242.216.44
989,Francis,Lourenco,flourencorg@nsw.gov.au,Female,34.95.213.81
990,Wilbert,Shiell,wshiellrh@xrea.com,Genderqueer,36.186.135.125
991,Celina,Robker,crobkerri@unc.edu,Non-binary,149.115.39.228
992,Sophey,Elcum,selcumrj@e-recht24.de,Genderfluid,4.52.213.88
993,Anitra,Crofts,acroftsrk@nifty.com,Non-binary,238.170.231.70
994,Chere,Staining,cstainingrl@timesonline.co.uk,Polygender,102.79.59.2
995,Ellerey,Reuble,ereublerm@sitemeter.com,Bigender,141.170.60.171
996,Ethyl,Blackah,eblackahrn@tumblr.com,Bigender,218.166.155.74
997,Lannie,Barber,lbarberro@51.la,Polygender,163.10.51.202
998,Candace,Loving,clovingrp@disqus.com,Polygender,42.81.225.69
999,Cammy,Piers,cpiersrq@exblog.jp,Female,200.61.72.7
1000,Torie,O'Dunneen,todunneenrr@instagram.com,Agender,219.0.48.146
